SquareFeet,Bedrooms,Bathrooms,YearBuilt,Age,OverallQuality,Neighborhood,GarageType,Basement,SalePrice
1748,2,2.0,2001,23,9,Beachfront,No Garage,Finished,905268
1430,3,2.5,2019,5,6,Rural,Carport,No,508008
1823,1,2.0,1986,38,9,Hills,Attached,No,732520
2261,3,1.5,2014,10,6,Downtown,Attached,Finished,766394
1382,4,2.0,2000,24,6,Downtown,No Garage,Unfinished,593864
1382,5,1.5,1950,74,8,Suburbs,Attached,Finished,606350
2289,2,1.5,1970,54,6,Rural,Attached,Unfinished,614664
1883,3,2.0,2002,22,6,Suburbs,Attached,Unfinished,651571
1265,4,3.0,1965,59,6,Downtown,Attached,Finished,652916
1771,3,2.0,2010,14,8,Rural,Attached,Unfinished,629396
1268,4,1.5,2003,21,8,Downtown,Attached,Unfinished,676057
1267,4,1.0,1989,35,6,Suburbs,Attached,Finished,572773
1620,4,2.5,1975,49,5,Suburbs,Attached,Finished,525480
543,2,2.0,2014,10,6,Suburbs,Attached,Finished,425620
637,3,2.5,2023,1,7,Rural,Attached,Finished,459875
1218,4,2.5,2013,11,5,Suburbs,No Garage,Unfinished,535397
993,4,2.5,1992,32,8,Suburbs,Attached,Finished,597895
1657,1,2.0,1966,58,6,Suburbs,Attached,Unfinished,534498
1045,4,2.5,2008,16,5,Suburbs,Detached,Finished,525610
793,1,2.0,1972,52,4,Suburbs,Attached,Unfinished,346831
2232,4,3.0,1956,68,5,Suburbs,Attached,Finished,671085
1387,3,2.5,1993,31,9,Downtown,Attached,Finished,694522
1533,5,2.0,2002,22,5,Downtown,Carport,Finished,667379
787,3,2.0,2020,4,4,Downtown,Attached,Finished,482308
1227,3,1.5,1983,41,6,Suburbs,Attached,Finished,511004
1555,2,2.5,1995,29,5,Rural,Attached,Finished,534782
924,3,1.5,2017,7,2,Rural,Attached,Unfinished,359901
1687,4,2.0,1965,59,5,Rural,Carport,Unfinished,486330
1199,5,2.0,2020,4,6,Suburbs,Detached,Unfinished,599148
1354,3,2.5,1968,56,7,Suburbs,Carport,No,510292
1199,3,2.5,1951,73,6,Suburbs,Detached,Finished,483231
2426,4,2.5,1959,65,6,Downtown,Detached,Finished,762040
1493,4,2.5,1999,25,9,Downtown,Attached,Finished,724118
971,4,1.5,1961,63,6,Suburbs,Attached,Finished,489295
1911,3,1.0,2019,5,5,Hills,Attached,Finished,777657
889,3,2.5,1971,53,5,Downtown,Attached,No,465035
1604,4,2.0,1981,43,6,Downtown,Attached,Unfinished,629941
520,1,2.0,1950,74,8,Rural,Attached,Unfinished,383890
835,4,1.0,2003,21,5,Suburbs,Attached,Unfinished,468480
1598,3,2.0,2007,17,7,Rural,Attached,Finished,569970
1869,4,1.0,2019,5,2,Rural,Attached,Finished,567424
1585,2,3.0,1967,57,6,Beachfront,Attached,Finished,783663
1442,4,1.5,1955,69,8,Suburbs,Attached,Finished,616237
1349,3,2.0,1994,30,5,Rural,No Garage,Finished,509547
760,4,1.0,1972,52,7,Suburbs,No Garage,No,432375
1140,2,2.5,1972,52,5,Suburbs,Attached,Finished,492002
1269,4,2.0,1975,49,7,Suburbs,No Garage,Unfinished,524738
2028,4,3.0,1956,68,3,Downtown,Carport,Unfinished,622389
1671,4,3.0,1993,31,8,Suburbs,Attached,No,675102
618,4,2.0,1976,48,4,Suburbs,No Garage,Unfinished,330275
1662,4,3.0,1975,49,8,Rural,Attached,Unfinished,656209
1307,4,3.0,1985,39,6,Rural,Attached,Unfinished,533827
1161,3,2.5,2004,20,7,Rural,Detached,Finished,539946
1805,4,2.5,2013,11,5,Downtown,Attached,Finished,696183
2015,3,1.5,2006,18,9,Rural,Attached,Unfinished,687515
1965,2,2.0,2018,6,4,Suburbs,Attached,No,589490
1080,2,1.0,2010,14,4,Beachfront,Attached,Finished,633310
1345,3,1.0,1951,73,6,Beachfront,Attached,No,639534
1665,4,3.0,2004,20,3,Downtown,Carport,Finished,588138
1987,4,2.0,1987,37,4,Rural,Detached,Finished,600592
1260,4,2.5,1978,46,9,Downtown,Attached,Unfinished,666451
1407,3,2.5,1975,49,10,Suburbs,Attached,Unfinished,672379
946,3,3.0,1984,40,6,Suburbs,Attached,No,480277
901,2,3.0,2016,8,9,Downtown,Attached,Unfinished,643212
1906,3,1.5,1978,46,6,Rural,Attached,No,550079
2178,3,1.0,1983,41,5,Downtown,Attached,Finished,679821
1463,2,2.0,1990,34,7,Downtown,Attached,No,605688
2001,3,1.5,1990,34,7,Suburbs,Carport,Finished,654975
1680,4,1.0,1972,52,10,Rural,Attached,Finished,663990
1177,4,2.0,2020,4,5,Beachfront,Attached,Unfinished,720747
1680,5,2.5,1952,72,7,Rural,Carport,No,527860
2269,5,2.0,2007,17,3,Rural,Carport,No,619125
1482,4,2.0,1981,43,4,Suburbs,Attached,No,527281
2282,3,2.5,1980,44,1,Downtown,Detached,Finished,605453
500,4,1.5,1992,32,10,Downtown,Attached,Unfinished,589972
1910,4,1.0,1956,68,8,Suburbs,Attached,Finished,664338
1543,2,2.5,1950,74,8,Rural,No Garage,Unfinished,542604
1350,3,2.5,2010,14,6,Suburbs,Attached,Unfinished,538193
1545,4,2.5,1963,61,5,Rural,Attached,Finished,535081
506,3,1.0,2001,23,4,Suburbs,Detached,Finished,372736
1390,4,2.5,1955,69,5,Downtown,Attached,Unfinished,571027
1678,4,2.5,1959,65,6,Downtown,Attached,No,667628
2238,2,2.0,2020,4,8,Rural,Attached,Finished,723607
1240,3,2.5,1979,45,6,Rural,No Garage,Unfinished,487078
1095,3,3.0,1970,54,3,Beachfront,Attached,Unfinished,621554
1249,1,2.0,2009,15,1,Downtown,Attached,Finished,479122
1957,1,2.0,2023,1,4,Hills,Detached,Unfinished,741371
1664,4,3.0,2012,12,6,Downtown,Detached,Finished,704267
1235,3,2.5,1991,33,9,Downtown,Carport,Finished,649617
1756,3,2.0,2000,24,7,Hills,Carport,Finished,801574
1548,3,2.5,2013,11,8,Suburbs,Carport,Finished,637314
1984,5,2.0,2005,19,6,Rural,Detached,Finished,683365
1148,3,1.5,1990,34,6,Downtown,Detached,Finished,561805
1336,3,2.0,1981,43,4,Suburbs,Attached,Finished,511602
1303,4,3.0,1964,60,8,Beachfront,Attached,Unfinished,791424
768,4,3.0,2011,13,8,Suburbs,Attached,Unfinished,544885
1648,2,2.0,1976,48,4,Rural,Attached,Finished,521832
1630,4,2.0,1977,47,6,Downtown,Attached,Finished,668488
1502,3,1.5,2013,11,6,Suburbs,Attached,No,570460
1382,3,3.0,2008,16,7,Suburbs,No Garage,Finished,611799
792,2,3.0,2007,17,9,Downtown,Carport,No,525020
1289,2,2.5,1951,73,7,Suburbs,Detached,Finished,575104
1328,4,2.5,1985,39,6,Downtown,Attached,Finished,633317
1098,3,2.5,2020,4,3,Beachfront,Attached,Finished,639120
1419,3,2.0,1962,62,3,Suburbs,Attached,No,470777
1702,4,1.0,1964,60,4,Downtown,Attached,Finished,576515
2443,4,2.0,2009,15,2,Suburbs,Attached,Unfinished,672542
1587,2,2.5,1971,53,7,Suburbs,Attached,Unfinished,575589
1628,4,2.5,2012,12,7,Rural,Attached,No,580439
1462,2,2.0,2023,1,4,Hills,Attached,Finished,699831
540,4,3.0,1974,50,8,Suburbs,Carport,Unfinished,475692
1486,4,1.5,1997,27,4,Beachfront,Attached,No,752194
1530,5,2.0,1992,32,5,Suburbs,Attached,Finished,620554
2731,2,2.5,1987,37,5,Downtown,Attached,Finished,749164
1403,2,2.5,1990,34,6,Rural,Attached,Finished,554006
1650,3,2.5,1994,30,5,Suburbs,Attached,Finished,584648
1482,3,2.0,1989,35,6,Rural,Carport,Unfinished,555306
915,3,1.5,1966,58,6,Beachfront,Attached,Finished,657880
2071,5,2.5,2006,18,10,Suburbs,Detached,Finished,824867
1875,3,2.0,1951,73,3,Beachfront,Carport,Unfinished,667701
1895,3,1.5,2011,13,4,Rural,Attached,No,536285
1045,4,2.5,1958,66,3,Suburbs,Attached,Unfinished,399176
2201,3,2.0,2017,7,7,Suburbs,No Garage,Unfinished,727561
799,4,2.5,1966,58,3,Suburbs,Attached,Finished,376062
1793,2,2.5,1999,25,8,Hills,Attached,Finished,846564
2595,3,1.5,1989,35,6,Rural,Attached,Finished,732466
1004,1,1.0,2007,17,6,Downtown,Detached,Finished,553038
1216,2,2.5,1970,54,7,Suburbs,Attached,No,506994
1549,5,2.5,1967,57,4,Suburbs,No Garage,Finished,517182
1248,2,2.5,2004,20,4,Downtown,Detached,Unfinished,520406
724,3,2.5,1978,46,5,Downtown,Attached,Finished,504967
1534,3,2.5,1973,51,7,Suburbs,Attached,No,578718
968,3,3.0,2023,1,5,Suburbs,Attached,Finished,538368
1736,4,2.0,1966,58,4,Suburbs,Attached,No,571532
1040,1,2.0,1967,57,10,Suburbs,Attached,Unfinished,548550
2274,4,2.0,1991,33,2,Downtown,Carport,No,628061
1108,5,1.5,1994,30,8,Rural,Attached,Finished,537590
1338,4,2.0,1966,58,8,Suburbs,Carport,Finished,568103
1906,5,2.0,2022,2,5,Downtown,Attached,Unfinished,713783
884,2,3.0,1963,61,4,Suburbs,Carport,Finished,342172
1613,3,2.0,1998,26,4,Suburbs,Attached,Finished,533218
2153,3,2.0,1978,46,7,Downtown,Detached,Finished,735238
696,4,2.0,1953,71,7,Downtown,Attached,Finished,520757
1592,5,1.0,1969,55,8,Downtown,Attached,Unfinished,696445
1629,3,1.0,1996,28,9,Rural,Attached,Unfinished,616217
1890,4,2.0,1958,66,7,Rural,Attached,Finished,633701
881,2,1.0,1976,48,4,Rural,Attached,Finished,353705
839,4,2.5,1964,60,5,Rural,Attached,Finished,434400
1760,3,3.0,1968,56,8,Rural,Detached,Finished,644274
1648,5,3.0,2001,23,5,Suburbs,Detached,No,651015
1625,4,2.5,1975,49,3,Suburbs,Detached,Finished,524383
1673,3,1.5,1975,49,7,Downtown,Detached,Unfinished,643054
1159,2,3.0,1975,49,6,Suburbs,Attached,Finished,536578
1616,2,3.0,1995,29,9,Rural,Attached,Unfinished,592410
1646,3,1.5,1998,26,7,Suburbs,Detached,Finished,678345
1142,3,2.5,2002,22,3,Suburbs,Attached,Finished,506275
2432,4,2.0,1952,72,9,Suburbs,Detached,Unfinished,715012
1736,4,2.5,2015,9,5,Suburbs,Attached,No,628184
904,3,3.0,1991,33,5,Rural,Attached,Finished,443488
1828,2,1.0,1968,56,6,Beachfront,Attached,Finished,768266
1012,4,3.0,1966,58,3,Suburbs,Detached,No,422562
1893,4,2.5,1982,42,6,Rural,Carport,Finished,640709
2079,2,3.0,1998,26,4,Suburbs,Attached,Finished,614203
1089,4,2.0,2005,19,6,Beachfront,Attached,Unfinished,728038
1981,3,2.5,2012,12,6,Suburbs,Attached,Unfinished,676954
1706,2,1.0,1952,72,8,Suburbs,Attached,Finished,608198
1911,3,2.0,1998,26,8,Suburbs,Attached,Finished,680471
2448,3,1.0,2004,20,4,Rural,Attached,Finished,690291
1377,2,3.0,1975,49,6,Hills,Attached,Finished,681467
1123,5,2.5,2021,3,6,Downtown,Attached,No,652066
1055,4,3.0,2001,23,4,Downtown,Attached,Unfinished,556542
1092,4,3.0,1956,68,8,Beachfront,Attached,No,760958
1461,3,1.0,1995,29,7,Suburbs,Carport,Unfinished,539551
1670,3,2.0,1995,29,4,Suburbs,Detached,Finished,518403
1638,4,1.0,1965,59,6,Suburbs,Attached,Finished,586164
1913,3,1.5,1973,51,4,Downtown,Attached,Unfinished,603017
1506,2,1.5,2010,14,7,Rural,Attached,Unfinished,530449
2226,3,2.0,2003,21,4,Rural,Attached,Finished,650848
1367,4,2.0,2011,13,10,Suburbs,Attached,Finished,705761
2860,3,1.5,1950,74,8,Suburbs,Attached,Finished,772273
1812,2,1.5,1998,26,6,Rural,Attached,Finished,597926
1071,4,1.5,1974,50,7,Downtown,Attached,Finished,608440
964,3,3.0,1959,65,9,Beachfront,Attached,Finished,746691
1741,3,2.5,1965,59,7,Suburbs,Carport,No,610484
1388,2,3.0,2007,17,4,Suburbs,Attached,Unfinished,567281
1857,3,2.0,2021,3,6,Beachfront,Carport,Unfinished,803299
1736,4,2.0,1978,46,8,Rural,Carport,Finished,624807
1463,3,2.5,1955,69,7,Suburbs,Detached,Finished,581375
1076,3,2.0,1965,59,7,Rural,Attached,Finished,549406
742,4,2.0,1969,55,8,Suburbs,Attached,No,472955
1276,4,1.5,2020,4,8,Suburbs,Attached,No,591410
1928,4,1.5,1992,32,9,Hills,Detached,Unfinished,841039
1607,3,2.0,1975,49,3,Rural,Attached,Unfinished,492585
877,3,2.0,2020,4,6,Suburbs,Attached,Finished,504854
1586,5,2.5,1982,42,7,Suburbs,Attached,Finished,642146
1692,4,1.0,1975,49,8,Downtown,Detached,Finished,705574
1058,1,1.5,1994,30,7,Downtown,Attached,Finished,558905
1576,2,2.5,2012,12,4,Suburbs,Detached,Finished,578675
1529,3,1.5,2016,8,8,Rural,Carport,Finished,611148
928,5,2.0,2001,23,7,Suburbs,Attached,Unfinished,562423
1678,3,3.0,2017,7,3,Rural,Attached,Finished,547068
1780,3,1.5,1975,49,6,Downtown,Attached,Finished,622892
2041,2,1.0,1951,73,4,Suburbs,Detached,Finished,533159
2026,4,2.0,1963,61,5,Downtown,No Garage,Unfinished,639470
811,4,2.0,1979,45,1,Suburbs,No Garage,Unfinished,310554
1031,3,2.0,1998,26,6,Downtown,Attached,Unfinished,514538
1757,4,2.5,1961,63,6,Hills,Carport,Finished,724675
1756,5,1.5,1993,31,7,Downtown,Carport,Unfinished,693915
1757,3,2.0,1982,42,7,Beachfront,Attached,Finished,864868
3426,3,2.0,1962,62,8,Suburbs,Attached,Finished,938957
1785,3,1.5,1975,49,5,Hills,No Garage,Unfinished,681654
2067,4,2.5,1970,54,4,Suburbs,Attached,Finished,610628
1977,4,2.0,1977,47,8,Beachfront,Attached,Finished,905237
1825,4,2.0,1997,27,4,Downtown,Carport,Unfinished,595589
1342,4,1.0,1989,35,10,Rural,Attached,Finished,655993
1879,3,2.0,2015,9,8,Beachfront,Attached,Unfinished,951290
1113,5,2.0,2022,2,6,Downtown,Attached,No,602636
1381,3,2.5,1972,52,10,Downtown,Attached,Finished,677848
1257,2,1.0,1997,27,3,Suburbs,No Garage,Finished,446712
1540,4,2.0,1951,73,5,Beachfront,Detached,Finished,750951
2657,4,2.0,1969,55,7,Suburbs,Attached,Finished,791923
566,3,2.5,2008,16,6,Suburbs,Detached,Finished,506104
1843,4,2.0,1995,29,9,Downtown,No Garage,Finished,728287
693,5,2.5,1952,72,3,Downtown,Detached,Finished,409589
1264,3,2.5,2004,20,6,Rural,Attached,Finished,538057
2044,5,3.0,1961,63,7,Downtown,Attached,Unfinished,750185
1532,2,2.0,1989,35,7,Suburbs,No Garage,Finished,560926
961,3,2.0,2015,9,5,Beachfront,Attached,Unfinished,746668
1142,2,2.5,1965,59,6,Downtown,Detached,Finished,532043
1839,4,3.0,1983,41,8,Rural,Attached,Unfinished,651081
1134,4,3.0,1993,31,4,Downtown,Attached,Finished,572208
1608,2,2.0,1955,69,8,Suburbs,Detached,Unfinished,596472
1522,3,1.5,2013,11,7,Downtown,Attached,No,631664
1174,4,2.0,1971,53,8,Rural,Attached,Finished,554425
2571,2,2.5,1967,57,7,Suburbs,Attached,Unfinished,741132
1816,4,2.0,1961,63,5,Suburbs,Detached,Finished,620770
500,4,2.0,2001,23,7,Suburbs,No Garage,No,442440
1593,3,2.5,2000,24,8,Downtown,Attached,No,747909
1169,5,2.0,2020,4,6,Rural,Attached,Unfinished,605866
1926,3,3.0,1997,27,9,Suburbs,Attached,Finished,711747
1103,5,2.0,1968,56,6,Rural,Attached,No,442150
1442,4,2.0,1955,69,4,Downtown,Detached,Finished,577192
1752,4,2.0,1976,48,6,Rural,Detached,Unfinished,608934
1932,2,2.5,2002,22,9,Downtown,No Garage,Unfinished,724681
899,4,1.5,1997,27,5,Suburbs,Attached,No,447795
1332,3,1.5,1956,68,8,Downtown,No Garage,No,543792
1262,2,3.0,2008,16,8,Rural,Attached,Finished,554099
1173,1,1.5,2018,6,6,Suburbs,Attached,Finished,545858
2382,4,2.0,1960,64,3,Beachfront,Detached,Finished,818767
1702,3,2.0,1964,60,7,Beachfront,Attached,No,792845
869,4,2.0,2013,11,5,Downtown,Carport,Unfinished,473704
1958,4,2.5,1952,72,8,Suburbs,No Garage,Unfinished,674256
2561,2,1.5,2018,6,6,Downtown,Attached,Finished,810344
2016,4,2.0,1972,52,6,Suburbs,Attached,Unfinished,611782
740,2,2.0,2002,22,8,Rural,Attached,Finished,490475
1257,4,2.5,1986,38,6,Rural,Detached,Unfinished,518168
2133,4,1.5,1958,66,6,Suburbs,Detached,Unfinished,625196
1146,3,2.0,1964,60,6,Suburbs,Attached,Unfinished,414326
1721,4,1.5,1952,72,6,Suburbs,Detached,No,542141
1887,3,2.0,2019,5,6,Downtown,Attached,Finished,730610
1036,3,1.5,1966,58,8,Rural,Attached,Unfinished,471185
1470,4,1.5,1975,49,6,Suburbs,Attached,Finished,573457
500,3,2.5,1970,54,6,Rural,Carport,No,380918
987,3,2.0,2021,3,7,Downtown,Detached,Finished,608112
1373,3,3.0,1970,54,5,Suburbs,Attached,No,454530
876,4,3.0,1960,64,5,Suburbs,Attached,Finished,467778
2316,3,2.0,1987,37,9,Downtown,Attached,Finished,832884
784,2,1.5,2021,3,7,Suburbs,No Garage,Finished,461466
1279,4,2.0,1984,40,7,Rural,Carport,Unfinished,540218
1565,4,2.5,1963,61,7,Beachfront,Attached,Finished,784694
2220,2,2.0,1963,61,2,Suburbs,Attached,Unfinished,523556
782,3,1.0,1959,65,7,Suburbs,Attached,No,390456
2081,2,2.0,1961,63,6,Downtown,Attached,Unfinished,646757
1505,3,2.5,1987,37,6,Beachfront,Attached,No,778953
1009,3,2.5,1983,41,6,Downtown,Attached,Finished,558808
1731,4,1.5,1990,34,3,Beachfront,Attached,No,722648
1599,4,2.5,1959,65,4,Suburbs,Detached,Finished,543044
1199,4,1.5,1966,58,9,Suburbs,Attached,Finished,606294
1534,3,1.5,1966,58,6,Beachfront,Attached,Finished,776943
1307,4,3.0,2016,8,6,Downtown,Carport,Finished,665545
1556,3,1.5,2011,13,3,Suburbs,Attached,No,538442
1831,5,2.0,1950,74,2,Suburbs,No Garage,Finished,514840
2293,4,1.0,1961,63,7,Downtown,Attached,Unfinished,694431
881,2,3.0,1953,71,6,Suburbs,Carport,Finished,452598
2566,4,2.5,1991,33,6,Rural,Attached,Finished,778145
523,3,2.5,1962,62,5,Rural,Attached,Finished,425492
1424,4,2.5,1953,71,7,Downtown,Attached,No,646392
1794,2,1.5,2018,6,4,Beachfront,Carport,Unfinished,728342
1640,2,2.0,1968,56,4,Downtown,Carport,No,519679
1188,4,2.0,1951,73,6,Downtown,Attached,No,533434
1395,3,1.0,1961,63,5,Suburbs,Carport,Unfinished,451086
1253,4,2.0,2023,1,5,Downtown,Attached,Finished,624112
1205,3,3.0,1955,69,7,Downtown,Attached,Unfinished,608893
1924,4,1.0,1957,67,7,Hills,Attached,Finished,756870
1678,4,2.0,2000,24,8,Suburbs,Attached,Finished,667636
1153,3,1.5,1960,64,6,Downtown,Attached,Finished,576937
1949,3,1.5,2012,12,3,Downtown,No Garage,Unfinished,634191
1653,3,3.0,2006,18,5,Rural,Attached,Unfinished,548462
1906,1,2.0,1961,63,10,Beachfront,Attached,Unfinished,899168
1814,3,2.0,2022,2,7,Suburbs,Carport,No,664497
1085,4,2.5,1951,73,7,Downtown,Attached,Finished,580555
1219,5,1.5,1957,67,1,Downtown,Attached,Unfinished,387468
1873,4,2.0,1960,64,6,Downtown,Attached,Finished,640249
1805,4,2.0,2002,22,2,Downtown,Attached,Finished,597295
1489,4,2.0,1959,65,7,Suburbs,Attached,Finished,617348
1558,4,3.0,1957,67,9,Downtown,Attached,Unfinished,720777
2138,3,2.5,1985,39,9,Suburbs,Attached,Unfinished,727538
1204,5,2.0,1963,61,6,Suburbs,Attached,Finished,548818
1773,4,2.5,2003,21,6,Beachfront,Attached,Unfinished,846637
1398,4,1.5,1970,54,9,Beachfront,No Garage,Unfinished,787731
1391,2,1.0,1999,25,7,Suburbs,No Garage,No,517740
2049,3,1.5,1988,36,3,Suburbs,Attached,No,553098
1912,3,2.0,1969,55,6,Suburbs,Detached,Finished,579944
1906,4,2.0,1956,68,5,Suburbs,Attached,Unfinished,582710
2152,3,2.5,1958,66,6,Rural,No Garage,Finished,603735
1510,3,3.0,1950,74,6,Suburbs,Attached,Unfinished,567244
1840,5,2.0,1975,49,7,Beachfront,Attached,Finished,866217
1344,2,2.0,1987,37,6,Beachfront,Attached,Finished,744697
1662,3,1.0,1987,37,4,Suburbs,Attached,Finished,556370
1434,1,1.0,2010,14,6,Suburbs,Attached,Unfinished,517391
1548,4,2.0,1993,31,8,Downtown,Carport,No,622330
1797,5,2.0,1993,31,7,Downtown,Attached,Unfinished,753801
1090,3,2.5,2023,1,5,Suburbs,Attached,Finished,558678
2546,4,1.5,2011,13,9,Downtown,Attached,Finished,907119
996,3,1.0,1955,69,9,Beachfront,Attached,Finished,736408
892,5,2.0,1966,58,5,Downtown,Detached,No,456264
2079,4,1.5,2000,24,2,Suburbs,Detached,Finished,609716
1895,4,1.0,1987,37,7,Suburbs,Detached,No,674409
1812,1,2.5,1973,51,8,Rural,Attached,Finished,575456
1814,5,1.5,2000,24,9,Suburbs,Detached,Unfinished,759225
1493,4,2.5,1959,65,8,Beachfront,No Garage,Finished,834736
1051,3,2.0,2021,3,7,Suburbs,Attached,No,516070
1537,4,1.5,1970,54,6,Suburbs,Attached,Unfinished,554196
1161,3,2.0,2019,5,2,Downtown,Attached,Finished,479264
1987,4,2.5,2006,18,5,Suburbs,Attached,Unfinished,655921
1426,2,2.0,1988,36,6,Rural,Attached,Finished,534107
1087,4,2.5,1982,42,7,Suburbs,Carport,Finished,515538
1339,3,1.5,2008,16,7,Rural,Attached,Finished,576995
1706,2,2.5,1967,57,7,Suburbs,Attached,Unfinished,602378
1218,3,1.5,2005,19,5,Downtown,Carport,Unfinished,552536
1088,1,2.5,2006,18,7,Downtown,Attached,Finished,594062
1621,3,2.0,1997,27,3,Suburbs,Attached,Unfinished,485437
1622,3,3.0,1991,33,6,Rural,Attached,Finished,587263
1246,4,2.0,1976,48,8,Rural,Attached,Unfinished,562708
1264,3,1.0,2023,1,7,Suburbs,Attached,Unfinished,610125
1616,3,1.0,2001,23,10,Suburbs,Attached,Unfinished,679461
775,4,2.5,1991,33,5,Suburbs,No Garage,No,436388
796,1,2.0,1981,43,6,Suburbs,Attached,Unfinished,388099
1140,5,2.5,1975,49,5,Downtown,Attached,Finished,560627
1393,4,1.5,1974,50,6,Downtown,Attached,Finished,584373
1655,4,2.0,1972,52,8,Downtown,Attached,Unfinished,680743
2237,4,1.0,2006,18,7,Downtown,Carport,Finished,824101
1928,4,3.0,2001,23,8,Downtown,Detached,Finished,781148
1420,2,2.5,1980,44,5,Downtown,Attached,Finished,585615
1490,2,3.0,2013,11,8,Suburbs,Attached,Finished,666427
998,3,2.0,2020,4,3,Suburbs,Carport,Finished,418411
1490,4,2.5,1982,42,8,Hills,Detached,No,758122
1355,1,2.5,1951,73,5,Downtown,Attached,Unfinished,513360
1661,4,2.0,1967,57,5,Suburbs,Carport,No,542858
1086,5,2.5,1996,28,6,Suburbs,Attached,Finished,527550
1759,4,3.0,1982,42,9,Downtown,Attached,Unfinished,771710
2266,3,3.0,1984,40,2,Rural,Attached,Finished,566125
1445,2,2.5,2000,24,6,Downtown,Attached,Unfinished,592129
1700,4,2.0,1967,57,8,Beachfront,Attached,Finished,873121
1845,4,2.0,2021,3,6,Beachfront,Attached,No,896823
1299,2,3.0,1979,45,4,Suburbs,Attached,No,454839
1612,2,1.0,1993,31,6,Suburbs,Carport,Unfinished,560276
1506,5,2.5,2002,22,6,Rural,Attached,Unfinished,560376
1548,4,2.5,1959,65,9,Suburbs,Detached,Unfinished,642968
1113,4,2.5,2001,23,8,Suburbs,Attached,Finished,602923
1512,4,3.0,1998,26,6,Downtown,Attached,No,657850
1748,4,2.0,1960,64,10,Downtown,Attached,Unfinished,735792
2225,3,2.0,2015,9,6,Suburbs,Attached,Finished,686223
1979,3,1.0,2007,17,3,Suburbs,Attached,No,532664
2576,3,2.0,1985,39,5,Beachfront,Attached,Finished,876319
1116,3,2.0,1982,42,6,Downtown,No Garage,Finished,512727
1936,4,2.0,1996,28,4,Rural,Detached,No,574408
1591,4,2.5,1962,62,9,Downtown,Attached,Unfinished,697874
2594,4,3.0,1989,35,8,Suburbs,Detached,Unfinished,814871
1095,3,1.5,2017,7,5,Suburbs,Attached,Finished,565139
1080,4,2.0,1991,33,7,Suburbs,Detached,Finished,556600
1200,4,3.0,1968,56,7,Downtown,Carport,Finished,624857
500,4,1.0,1968,56,9,Suburbs,Attached,Finished,494703
1237,4,1.0,2007,17,8,Rural,Detached,No,622617
1120,3,1.5,1972,52,6,Suburbs,Carport,Finished,408058
1575,3,2.0,2003,21,8,Suburbs,No Garage,Finished,617308
1670,2,1.5,2014,10,7,Rural,Attached,Finished,619350
2438,3,3.0,1961,63,7,Rural,Attached,Finished,688877
1975,3,2.0,1973,51,4,Suburbs,Carport,Finished,584401
1211,4,2.0,1983,41,4,Suburbs,Detached,Unfinished,479148
1050,5,1.5,2002,22,6,Beachfront,Attached,Unfinished,764623
1745,4,2.0,1957,67,5,Suburbs,Attached,Unfinished,536446
839,4,2.5,1967,57,2,Downtown,Attached,No,415671
2415,3,2.5,2006,18,7,Suburbs,Attached,Finished,783400
2089,4,2.5,1954,70,2,Rural,Carport,No,489144
1265,2,2.0,1975,49,7,Downtown,Attached,Finished,594485
643,3,3.0,1979,45,6,Hills,Attached,Finished,641510
2176,3,2.5,2003,21,9,Downtown,Attached,No,760902
1442,3,2.5,1962,62,6,Rural,Attached,Finished,529924
2118,1,1.0,1978,46,3,Suburbs,Attached,Finished,506471
702,2,1.0,1952,72,7,Suburbs,Attached,Finished,437240
1200,3,1.5,2007,17,8,Beachfront,Attached,Unfinished,759551
1502,5,2.5,1951,73,10,Suburbs,Carport,No,582988
1523,3,2.0,1977,47,6,Suburbs,No Garage,Unfinished,550986
1274,3,2.0,1951,73,5,Downtown,Detached,Unfinished,506390
1811,2,3.0,1956,68,9,Downtown,No Garage,Finished,702565
966,4,3.0,1975,49,4,Downtown,Carport,Finished,541575
1428,3,3.0,1965,59,7,Rural,Attached,Finished,569485
1560,3,2.0,1972,52,6,Downtown,Attached,Finished,631235
1757,3,2.5,1989,35,2,Downtown,Detached,Finished,574868
1855,1,2.0,2009,15,5,Suburbs,Attached,Unfinished,544567
937,1,1.5,2022,2,5,Suburbs,No Garage,Finished,430668
732,3,1.5,1981,43,7,Rural,Attached,Unfinished,478647
2138,1,2.0,1964,60,9,Downtown,Attached,Finished,731319
1666,2,2.0,1962,62,5,Downtown,Attached,Unfinished,563999
1125,3,2.5,1954,70,8,Beachfront,Attached,No,752677
2275,4,1.5,2023,1,3,Suburbs,Detached,Finished,629217
1557,4,2.5,2001,23,6,Beachfront,Detached,Finished,843553
2089,3,2.0,1990,34,3,Beachfront,Attached,Finished,759628
1533,3,2.0,2002,22,9,Rural,Attached,Finished,657929
2530,5,2.0,1999,25,8,Downtown,Attached,No,858939
2377,3,2.0,1964,60,7,Rural,Detached,Finished,696860
1375,2,2.0,1956,68,8,Rural,Detached,Unfinished,482938
1985,4,2.0,1989,35,7,Suburbs,Carport,Finished,669374
1822,2,1.5,1977,47,9,Suburbs,Attached,Finished,685401
2184,3,1.5,1981,43,7,Suburbs,Attached,Unfinished,664354
1017,3,2.0,1964,60,9,Downtown,No Garage,Finished,606437
1843,4,3.0,2019,5,6,Suburbs,No Garage,Finished,681679
2029,3,2.0,2014,10,4,Suburbs,Attached,No,598206
620,4,2.5,1953,71,6,Suburbs,Attached,Finished,436616
908,5,2.5,1960,64,4,Suburbs,No Garage,Finished,439787
500,2,3.0,1975,49,7,Suburbs,Attached,Finished,435495
1365,3,2.5,2010,14,6,Suburbs,Attached,Unfinished,591506
1858,3,2.0,1986,38,7,Beachfront,Attached,No,821418
2251,3,2.5,1972,52,1,Downtown,Attached,Finished,598824
1537,3,3.0,1989,35,4,Suburbs,Carport,No,528306
2314,5,2.0,1972,52,6,Downtown,Attached,Finished,769546
809,4,2.0,1965,59,9,Suburbs,Carport,No,488840
648,4,1.0,2010,14,6,Rural,Attached,Finished,391058
1472,3,2.5,2017,7,6,Beachfront,Carport,Finished,770312
1692,4,2.5,1980,44,7,Suburbs,Attached,Unfinished,616334
1483,5,1.5,2002,22,7,Hills,Carport,No,739446
500,4,2.0,1974,50,5,Downtown,Attached,Finished,446946
1455,1,2.0,1993,31,6,Suburbs,Attached,Finished,566826
847,4,1.5,1961,63,5,Downtown,Carport,Unfinished,437171
1834,2,3.0,1958,66,9,Beachfront,Attached,Finished,856584
1683,3,1.5,1961,63,4,Suburbs,No Garage,Unfinished,485841
1030,2,1.0,2018,6,6,Rural,Attached,Unfinished,430957
1243,4,2.0,2003,21,2,Rural,Attached,Finished,489549
970,4,2.5,2003,21,5,Downtown,Attached,No,562053
1468,2,1.0,1977,47,8,Downtown,Attached,Finished,603997
1977,3,2.5,2005,19,5,Beachfront,Detached,Unfinished,855391
1007,3,2.0,2018,6,3,Suburbs,Attached,No,465592
1752,3,1.5,2007,17,6,Downtown,Attached,Unfinished,634747
1234,2,1.5,1991,33,1,Suburbs,Attached,Finished,365470
1103,3,2.0,1987,37,3,Suburbs,Detached,Finished,428189
1446,4,2.0,2017,7,8,Downtown,Attached,Finished,689519
982,2,3.0,2002,22,8,Suburbs,Attached,No,515792
1223,2,2.5,1982,42,9,Downtown,Attached,Unfinished,618946
901,3,3.0,2020,4,8,Suburbs,Attached,Finished,603753
2482,5,2.0,2005,19,7,Beachfront,Attached,No,985330
1517,4,3.0,2021,3,3,Hills,Attached,Finished,725849
1150,4,2.0,2000,24,8,Suburbs,Carport,No,551420
1606,3,2.0,2023,1,8,Downtown,Attached,Finished,702201
1443,4,1.0,1992,32,8,Beachfront,Attached,Unfinished,829242
1389,1,1.0,1964,60,6,Suburbs,Attached,Finished,502584
1807,4,2.5,1987,37,5,Downtown,Attached,No,636128
1878,5,2.0,1964,60,8,Beachfront,Attached,No,849171
1234,4,1.5,1954,70,7,Rural,Carport,Unfinished,516502
1212,4,2.5,2003,21,10,Rural,No Garage,No,604468
1362,4,2.0,2000,24,4,Rural,Attached,Unfinished,505224
500,2,2.0,1959,65,5,Downtown,Carport,Finished,401003
742,5,2.0,1961,63,5,Downtown,Carport,Finished,458237
2183,2,2.5,1953,71,8,Rural,Carport,Finished,676431
2322,3,2.5,1967,57,4,Downtown,Attached,Finished,683712
1375,2,2.0,1985,39,3,Suburbs,Attached,Finished,487801
1788,1,2.0,1974,50,10,Rural,No Garage,Unfinished,634660
1655,3,2.0,1985,39,2,Rural,Detached,Unfinished,451284
3039,3,2.5,2016,8,8,Suburbs,Attached,Unfinished,850813
2059,3,2.0,1958,66,6,Rural,Attached,Finished,545513
1436,4,1.5,2010,14,8,Rural,Attached,Unfinished,607939
1022,1,1.0,2002,22,7,Rural,Attached,No,442553
696,2,2.0,1967,57,9,Downtown,Attached,Finished,532880
1601,4,2.0,1992,32,9,Suburbs,Carport,Unfinished,661542
1121,3,2.5,1984,40,1,Suburbs,Carport,Finished,396408
788,4,1.5,2012,12,3,Downtown,Detached,Finished,508548
1176,4,2.0,1953,71,5,Suburbs,Attached,No,459685
959,4,2.5,1990,34,7,Downtown,Attached,No,576216
2343,4,2.5,1994,30,8,Suburbs,Detached,Unfinished,764484
1940,3,2.0,1999,25,6,Beachfront,Attached,Finished,861839
1496,4,2.0,1977,47,7,Downtown,Attached,Unfinished,634570
2239,3,2.0,1991,33,4,Rural,Attached,Finished,604900
1538,3,3.0,2018,6,8,Rural,No Garage,Finished,618324
1069,4,1.5,1950,74,9,Downtown,Attached,Unfinished,602756
2261,3,3.0,1988,36,5,Beachfront,Attached,No,836967
1769,4,2.5,1966,58,6,Suburbs,Attached,Finished,618575
981,4,2.0,1984,40,3,Suburbs,Detached,Unfinished,467364
1404,4,1.0,1995,29,7,Rural,Detached,Finished,594009
1062,5,2.0,1991,33,6,Suburbs,Detached,Unfinished,512372
808,3,2.0,1988,36,4,Rural,Attached,Finished,421816
1963,3,1.5,1998,26,6,Downtown,Attached,Finished,721634
2454,4,2.5,2011,13,5,Rural,Attached,Finished,720002
800,3,3.0,1987,37,6,Suburbs,Attached,Unfinished,455300
1781,4,2.0,1972,52,7,Suburbs,Detached,Unfinished,609612
1174,4,2.5,1971,53,1,Downtown,Carport,Finished,456196
1256,4,1.0,1953,71,8,Rural,Detached,Unfinished,491244
1203,3,2.0,1998,26,7,Rural,Attached,No,541880
1068,2,1.5,2008,16,6,Suburbs,Detached,Finished,541220
1524,3,2.5,2022,2,3,Suburbs,Detached,No,518029
1084,2,3.0,2017,7,8,Suburbs,Attached,No,594069
1635,4,2.5,2020,4,9,Beachfront,Carport,No,878461
1474,3,1.0,1951,73,5,Suburbs,Carport,Finished,465241
1380,2,2.0,1998,26,5,Rural,Attached,Finished,528506
1046,1,2.0,1980,44,4,Rural,Attached,Unfinished,407396
1211,4,2.0,1989,35,7,Suburbs,Attached,Unfinished,615728
1877,4,2.5,1997,27,4,Downtown,Detached,Unfinished,660366
1750,3,2.5,2000,24,6,Suburbs,Attached,Finished,662552
1011,2,2.5,1992,32,7,Rural,No Garage,No,449915
1549,3,2.0,2004,20,7,Downtown,Carport,Finished,697434
1875,3,2.0,1998,26,6,Suburbs,No Garage,Unfinished,616082
665,4,1.5,2006,18,6,Rural,Attached,Finished,479377
1771,4,2.0,1964,60,7,Suburbs,Attached,No,587264
1168,3,2.0,1976,48,1,Suburbs,No Garage,Finished,366420
1785,3,2.5,2017,7,3,Downtown,Attached,Unfinished,638590
1118,5,2.5,2013,11,8,Downtown,Carport,No,667299
597,3,1.0,1979,45,3,Rural,Attached,Finished,342022
686,4,2.0,1985,39,7,Downtown,Attached,Finished,556916
1524,2,1.5,2016,8,9,Suburbs,Attached,Unfinished,626799
1629,3,1.5,1998,26,5,Beachfront,Attached,Finished,779376
1047,1,2.5,2004,20,6,Suburbs,Detached,Finished,495725
1819,3,1.0,2005,19,7,Hills,Carport,Finished,794893
669,5,2.0,2017,7,8,Hills,Attached,Unfinished,684153
1466,3,1.5,1993,31,9,Suburbs,Attached,Finished,644753
894,1,3.0,1980,44,7,Downtown,Attached,Unfinished,512883
1174,1,2.0,2007,17,3,Rural,Detached,Unfinished,328044
1523,3,1.5,2002,22,7,Suburbs,Attached,Finished,639762
1069,2,2.0,1972,52,6,Downtown,Attached,No,507450
1307,1,2.5,1977,47,6,Rural,No Garage,No,433182
2003,4,3.0,1965,59,2,Downtown,Attached,Finished,608562
1211,3,1.5,1986,38,4,Beachfront,Attached,Finished,695806
1917,3,3.0,1970,54,8,Downtown,Carport,No,672751
935,5,3.0,1966,58,6,Downtown,Attached,Unfinished,545379
1764,2,3.0,1986,38,5,Downtown,Attached,Finished,657308
2220,5,2.5,1968,56,6,Hills,No Garage,Unfinished,833429
500,3,2.5,1979,45,8,Rural,Attached,Finished,420559
1101,4,2.0,1994,30,7,Rural,Attached,Finished,584584
1788,4,2.5,1967,57,5,Suburbs,Carport,Unfinished,549737
1398,4,2.0,2011,13,4,Suburbs,Attached,Finished,558385
1685,5,2.5,1985,39,5,Downtown,Attached,Finished,724919
1198,3,2.0,2001,23,9,Suburbs,Attached,Unfinished,555205
1543,5,2.5,1968,56,7,Suburbs,Attached,Finished,600293
1422,3,2.5,1993,31,6,Suburbs,Attached,Finished,595848
2083,3,1.5,1956,68,7,Suburbs,Attached,Finished,594986
1627,3,2.5,1993,31,6,Beachfront,Detached,Finished,759462
1668,3,2.0,2017,7,8,Downtown,Attached,Unfinished,747578
1294,2,2.5,1983,41,6,Hills,No Garage,Unfinished,630378
1256,4,2.0,2015,9,4,Downtown,Attached,Unfinished,629302
1283,3,2.0,2018,6,4,Suburbs,Detached,No,470580
1697,4,3.0,2004,20,6,Suburbs,No Garage,No,601587
1289,4,2.0,1959,65,9,Suburbs,Detached,Finished,626865
1644,3,2.5,1991,33,5,Suburbs,Detached,Finished,597888
2537,3,2.0,1990,34,8,Suburbs,No Garage,Finished,760177
1935,3,2.0,2018,6,8,Suburbs,Detached,Finished,708038
1336,2,2.0,1959,65,5,Rural,Attached,Finished,461184
2100,2,2.0,1959,65,2,Rural,Attached,Unfinished,509422
1295,3,2.0,2009,15,4,Rural,Attached,Finished,513320
500,3,1.0,2000,24,7,Downtown,Attached,Unfinished,470188
995,5,2.0,1970,54,4,Suburbs,Attached,Finished,455455
564,4,1.0,1957,67,6,Suburbs,Attached,Finished,400280
1324,3,3.0,2014,10,6,Suburbs,No Garage,Unfinished,521756
1509,4,3.0,1979,45,7,Suburbs,Attached,Finished,640035
2338,2,2.0,1998,26,4,Suburbs,Carport,Finished,650044
1663,3,2.5,1958,66,6,Downtown,Attached,No,604166
1390,4,2.0,1966,58,6,Downtown,Attached,Finished,658494
1914,3,2.5,2018,6,6,Downtown,Attached,Unfinished,757985
500,3,2.5,2007,17,8,Rural,Attached,No,458193
1617,5,3.0,2006,18,4,Rural,Carport,Finished,592098
1885,4,2.0,2011,13,8,Hills,Carport,Finished,842238
760,4,2.5,2001,23,7,Rural,No Garage,Finished,474479
2071,4,2.0,2010,14,7,Downtown,Attached,Finished,818456
1669,4,3.0,1989,35,7,Beachfront,Detached,Unfinished,830868
1292,3,1.0,1987,37,6,Beachfront,Carport,Finished,753984
1816,3,2.5,1992,32,4,Suburbs,Detached,Finished,615714
2635,1,2.5,2012,12,7,Suburbs,Attached,Finished,789540
1590,3,2.5,1968,56,6,Hills,Attached,Unfinished,685682
1624,3,1.5,1999,25,7,Suburbs,Attached,Finished,623300
1270,3,3.0,1982,42,5,Beachfront,Attached,Finished,749605
1075,5,1.5,1962,62,9,Downtown,Carport,Finished,607106
1915,5,2.5,2011,13,7,Downtown,Attached,Finished,786998
1071,4,1.5,1992,32,3,Suburbs,Attached,Unfinished,459953
1535,3,2.0,1998,26,6,Suburbs,Attached,Finished,585045
1261,4,2.0,1985,39,8,Rural,Attached,Finished,563988
1739,2,2.0,1959,65,8,Hills,No Garage,No,670830
1666,4,1.5,1955,69,6,Suburbs,Attached,Finished,578734
2018,2,1.5,2006,18,8,Downtown,Attached,Unfinished,751529
1244,4,2.0,1950,74,5,Rural,Attached,Unfinished,430777
1365,3,2.5,2020,4,6,Suburbs,Attached,Finished,603696
1010,4,3.0,2007,17,8,Downtown,Attached,No,628894
1277,5,1.0,1970,54,8,Suburbs,Detached,Unfinished,565884
1688,2,2.0,2005,19,7,Rural,Attached,Finished,625142
1878,3,1.5,1969,55,8,Rural,Attached,No,645256
1038,5,1.0,2003,21,3,Suburbs,Attached,Unfinished,484808
1934,3,2.5,1974,50,8,Suburbs,Carport,No,625201
2177,4,2.5,1977,47,5,Hills,No Garage,Unfinished,831859
1706,4,1.5,1954,70,4,Rural,No Garage,Finished,513435
2438,3,1.5,1970,54,5,Suburbs,Attached,Finished,662766
1113,3,1.0,1967,57,6,Suburbs,Attached,Finished,470566
877,3,2.5,1996,28,5,Rural,Attached,Finished,479075
610,4,3.0,2019,5,5,Downtown,Attached,Unfinished,525844
2248,3,1.5,2006,18,4,Downtown,No Garage,Finished,660430
1827,3,1.5,1968,56,5,Suburbs,Carport,Finished,556847
1472,3,3.0,2014,10,7,Suburbs,Attached,Finished,635620
1639,4,3.0,1952,72,6,Suburbs,Attached,Finished,583248
937,4,2.0,1991,33,5,Downtown,Carport,Finished,552914
2722,5,1.0,1970,54,7,Rural,Carport,Finished,768843
1564,3,1.0,1989,35,8,Suburbs,Detached,Unfinished,625563
1554,4,2.0,2016,8,8,Downtown,Attached,Finished,760716
1862,4,2.0,1974,50,5,Downtown,Carport,No,596399
1740,4,1.0,2004,20,7,Beachfront,Attached,Unfinished,830907
1611,5,2.0,2001,23,4,Beachfront,Attached,Unfinished,820116
1104,3,1.0,1993,31,4,Downtown,Attached,No,487300
1735,2,2.5,2005,19,5,Rural,Attached,No,501988
2441,4,2.0,2004,20,8,Suburbs,Carport,No,766573
2172,3,1.0,2019,5,5,Hills,Attached,Finished,842169
2296,4,2.0,2022,2,3,Suburbs,Attached,Finished,695501
1244,4,2.0,2015,9,4,Rural,Attached,Finished,489153
1005,2,3.0,1968,56,8,Downtown,Attached,Unfinished,611918
1437,4,2.0,1956,68,7,Suburbs,Attached,Finished,550035
1527,3,2.0,2012,12,5,Hills,Attached,Finished,739822
2047,3,2.5,1991,33,7,Suburbs,Carport,No,694963
653,4,2.0,1991,33,6,Suburbs,Attached,Finished,494741
2264,5,3.0,2008,16,7,Downtown,No Garage,Finished,844505
1420,1,2.0,1969,55,5,Rural,Attached,No,401670
1286,3,2.0,2022,2,8,Suburbs,Carport,Finished,624576
993,4,1.0,1966,58,5,Suburbs,No Garage,Finished,440034
672,4,2.0,1976,48,7,Hills,Attached,No,584548
1911,4,2.5,1996,28,1,Downtown,Attached,No,597776
1536,2,2.5,1951,73,6,Suburbs,Attached,No,489412
855,3,1.5,2012,12,6,Beachfront,Attached,Unfinished,666226
852,3,1.5,2011,13,6,Suburbs,Carport,Finished,493114
1332,4,2.5,1968,56,3,Suburbs,Attached,Finished,487718
2334,3,3.0,1966,58,8,Suburbs,Attached,Unfinished,736332
1370,3,1.0,2018,6,5,Rural,Carport,Finished,499387
748,5,2.0,1988,36,7,Downtown,Detached,Unfinished,596526
1377,1,2.0,2020,4,8,Beachfront,Carport,No,734424
1363,5,3.0,1988,36,7,Rural,Detached,Unfinished,576829
500,4,1.0,1985,39,7,Downtown,Detached,Finished,518029
1472,4,1.5,1989,35,7,Rural,Attached,Unfinished,543602
1384,3,2.5,1994,30,6,Suburbs,Detached,Unfinished,529294
1848,1,1.0,1953,71,8,Suburbs,Attached,No,569643
2424,4,2.0,1974,50,5,Rural,Carport,Finished,675283
2063,4,2.0,2018,6,7,Hills,Attached,Finished,918396
1365,4,2.0,1979,45,7,Downtown,No Garage,Unfinished,607043
946,2,2.0,2017,7,6,Suburbs,Attached,Unfinished,473096
2786,4,2.0,1978,46,5,Suburbs,Attached,Finished,768791
1529,4,1.5,2022,2,6,Suburbs,Attached,Finished,649003
1506,4,2.0,2017,7,8,Suburbs,Attached,Unfinished,670446
1487,4,2.5,2000,24,9,Downtown,Attached,Finished,777404
1599,4,2.5,1973,51,6,Rural,Detached,Finished,550995
1427,4,1.5,1963,61,7,Suburbs,No Garage,Unfinished,523125
1213,2,1.5,2018,6,9,Downtown,Attached,Finished,695833
1226,3,2.0,1967,57,3,Rural,Carport,Finished,360074
1483,2,2.0,1991,33,5,Rural,Attached,Finished,495965
1228,3,2.0,2006,18,7,Suburbs,Carport,No,517911
1143,3,2.5,1961,63,8,Suburbs,Attached,Unfinished,501844
1553,2,1.0,1966,58,8,Suburbs,Attached,Unfinished,560271
1372,3,1.0,1979,45,6,Suburbs,Carport,Unfinished,519457
2251,2,2.0,1972,52,3,Downtown,Detached,Finished,634558
500,4,2.5,1950,74,6,Rural,No Garage,Finished,388490
2045,5,1.5,1981,43,5,Downtown,Attached,Finished,746048
2123,2,2.5,1958,66,5,Downtown,No Garage,Finished,625309
500,5,2.0,1964,60,8,Downtown,Attached,Unfinished,596171
1328,3,3.0,1977,47,3,Downtown,Attached,Finished,528564
1314,3,3.0,1973,51,8,Downtown,Attached,Finished,650786
796,2,2.0,2009,15,6,Hills,Carport,Unfinished,571709
1111,3,1.5,1984,40,7,Suburbs,Attached,Finished,552784
944,4,2.0,1976,48,3,Downtown,Attached,No,446337
2376,4,1.5,1969,55,5,Downtown,Attached,Finished,731927
1967,2,2.5,2014,10,3,Beachfront,Attached,Finished,787419
2135,2,2.5,1998,26,9,Suburbs,Attached,Unfinished,726052
1860,3,2.5,1950,74,8,Suburbs,Carport,Finished,641457
935,3,2.5,1959,65,6,Beachfront,Attached,Finished,666494
1237,3,2.0,1996,28,5,Suburbs,Carport,Unfinished,477467
1744,3,1.5,2008,16,9,Suburbs,Carport,No,684921
888,4,2.5,2011,13,5,Downtown,Carport,Unfinished,520361
1856,5,2.0,1967,57,4,Suburbs,Attached,Finished,615988
1379,3,2.5,1995,29,7,Suburbs,Attached,Finished,583112
1312,5,2.0,1981,43,9,Rural,Detached,Finished,617682
1855,3,1.0,1976,48,1,Suburbs,Carport,Finished,434435
1722,3,3.0,1967,57,5,Suburbs,Attached,Finished,632660
1319,3,1.5,1988,36,9,Downtown,Attached,Unfinished,688736
2079,4,3.0,1998,26,4,Downtown,Attached,Finished,730736
959,5,3.0,1993,31,4,Suburbs,Attached,Unfinished,546627
1807,4,2.5,2021,3,7,Beachfront,Attached,Unfinished,914807
1796,3,2.5,2003,21,8,Suburbs,No Garage,Finished,671600
1345,4,2.0,1983,41,6,Rural,Attached,No,525062
1663,2,3.0,2020,4,10,Suburbs,Attached,Finished,769469
874,4,2.0,1985,39,7,Downtown,No Garage,Finished,535092
1962,3,2.0,1967,57,3,Downtown,Carport,Unfinished,537979
1407,3,2.5,1987,37,10,Suburbs,Attached,Unfinished,666701
1238,4,2.0,2008,16,6,Downtown,Attached,Finished,620028
2024,4,2.0,1958,66,5,Downtown,Attached,Finished,621102
1147,2,2.0,2022,2,7,Rural,Attached,Unfinished,488976
795,4,2.0,2021,3,5,Downtown,Attached,Unfinished,528464
721,3,3.0,2000,24,3,Suburbs,Carport,Finished,400354
1803,4,1.5,1984,40,1,Suburbs,Attached,Finished,514899
859,4,3.0,1954,70,6,Suburbs,Attached,No,508979
2377,4,2.5,1963,61,8,Suburbs,Detached,Unfinished,737859
500,4,2.5,1979,45,7,Suburbs,No Garage,Finished,459453
2348,3,2.0,1953,71,10,Suburbs,Attached,Finished,735552
1605,2,2.5,1988,36,5,Rural,Attached,Finished,531471
1451,4,1.0,2013,11,5,Beachfront,Attached,Finished,790004
1227,3,2.5,1974,50,4,Downtown,No Garage,Finished,477168
1699,3,1.0,1977,47,4,Downtown,Attached,Unfinished,544500
1481,3,3.0,2015,9,5,Beachfront,Attached,Finished,810379
2051,2,3.0,1971,53,8,Suburbs,Attached,No,650991
1557,4,2.0,1980,44,9,Suburbs,Attached,Finished,676986
1575,2,1.5,1972,52,10,Suburbs,Attached,Unfinished,645269
1318,4,2.5,1997,27,5,Downtown,Attached,Unfinished,649121
1471,3,2.0,1969,55,8,Suburbs,Attached,Finished,605105
1653,1,3.0,1987,37,5,Suburbs,Attached,Finished,600179
644,3,1.5,2004,20,4,Downtown,Detached,No,380130
825,1,1.5,2017,7,8,Suburbs,Attached,Finished,517959
1871,3,3.0,1950,74,7,Rural,Attached,Unfinished,583297
1585,4,2.5,1956,68,4,Suburbs,Attached,Unfinished,508938
1408,2,2.5,2006,18,6,Downtown,Attached,Finished,642151
1509,4,2.0,1961,63,5,Suburbs,Attached,Unfinished,527984
1673,1,2.5,1954,70,7,Rural,Carport,Finished,467826
1230,3,2.0,1999,25,6,Rural,Attached,No,454790
1110,4,2.5,1991,33,10,Suburbs,Attached,Finished,674050
1597,3,2.5,1961,63,3,Downtown,Attached,Finished,513119
1010,2,2.0,1967,57,6,Rural,Attached,Unfinished,438220
1704,3,2.0,2015,9,6,Rural,Carport,Unfinished,574719
648,3,2.0,2023,1,6,Downtown,Attached,Finished,536942
2014,4,2.5,1966,58,5,Suburbs,Attached,Finished,639563
1736,3,1.5,2017,7,7,Suburbs,Attached,Unfinished,658768
1628,4,2.5,2020,4,8,Rural,Carport,Finished,633262
1991,4,1.5,2011,13,9,Downtown,No Garage,No,764207
2332,3,2.5,1990,34,8,Suburbs,Attached,Unfinished,719812
2007,5,2.5,1983,41,8,Beachfront,Attached,Unfinished,936641
579,3,1.5,2019,5,7,Rural,Attached,No,450511
860,5,1.0,1994,30,8,Beachfront,Carport,Finished,753148
1187,2,1.5,2007,17,5,Hills,Detached,Finished,663765
1513,4,2.5,2000,24,6,Downtown,Attached,Finished,657949
1758,3,2.5,1983,41,5,Suburbs,Carport,Finished,578645
1137,3,1.0,1993,31,6,Suburbs,Attached,Finished,513600
1593,4,2.5,1964,60,5,Beachfront,Attached,Finished,768864
1122,4,2.0,2019,5,9,Suburbs,Carport,Finished,613283
1194,1,2.0,1999,25,5,Hills,Attached,Finished,623304
796,2,3.0,1981,43,3,Suburbs,Carport,Finished,343582
1038,4,2.0,2016,8,6,Rural,Attached,No,460346
824,4,2.0,1952,72,3,Downtown,Attached,Finished,424082
1012,5,1.0,2023,1,4,Downtown,Attached,Finished,586448
2026,4,1.0,2000,24,5,Rural,Attached,Finished,630751
1025,5,2.0,2016,8,6,Downtown,Attached,Finished,599334
2816,4,1.0,1997,27,6,Rural,Carport,Finished,735249
1746,3,2.5,1966,58,8,Downtown,Detached,Finished,718711
1592,2,2.0,1956,68,7,Rural,Attached,No,499587
1070,4,2.0,1962,62,6,Suburbs,Carport,Finished,458055
1850,4,1.5,2015,9,5,Suburbs,Carport,Unfinished,667440
1212,1,2.0,1953,71,5,Rural,Carport,Finished,386626
1561,3,2.5,1959,65,8,Suburbs,Carport,Finished,572560
2780,5,3.0,1966,58,3,Downtown,Attached,No,758281
1451,3,1.0,2001,23,1,Downtown,Attached,Unfinished,477509
2074,3,3.0,1955,69,8,Suburbs,Attached,Finished,663563
1148,3,2.0,2018,6,6,Suburbs,Attached,No,533534
1482,3,2.0,2023,1,4,Rural,Attached,Unfinished,540893
2385,3,2.0,1958,66,5,Suburbs,Attached,Finished,655927
1186,3,1.0,1970,54,9,Suburbs,No Garage,Unfinished,482395
2406,2,1.0,1973,51,8,Suburbs,Attached,Unfinished,708448
1853,4,2.5,1953,71,7,Downtown,Attached,Finished,719522
1218,3,2.0,1973,51,6,Suburbs,No Garage,Unfinished,467039
1816,4,3.0,2008,16,6,Hills,No Garage,Unfinished,776923
1986,4,2.0,1952,72,10,Beachfront,Detached,Finished,992346
1810,3,1.5,2017,7,9,Suburbs,Attached,Finished,710544
714,4,2.5,1989,35,5,Suburbs,Attached,Finished,441552
1136,3,2.0,1997,27,8,Rural,Attached,Finished,559027
1376,4,2.0,2003,21,4,Suburbs,Attached,Finished,564771
1462,3,2.5,1984,40,5,Downtown,Attached,Unfinished,600110
1810,4,3.0,2005,19,7,Downtown,No Garage,No,640798
1588,4,2.5,1989,35,6,Suburbs,Detached,Unfinished,584181
832,3,2.5,2017,7,9,Hills,Attached,No,744122
1690,2,2.5,1995,29,3,Rural,Carport,Finished,490167
1805,4,3.0,1962,62,6,Downtown,Attached,Finished,657855
1779,4,2.0,1976,48,9,Downtown,Attached,No,759910
2040,3,1.0,1955,69,9,Rural,Carport,Finished,666122
1916,4,2.0,1966,58,4,Rural,Attached,Unfinished,536984
1729,3,1.5,1985,39,6,Suburbs,Carport,Unfinished,589836
1464,4,2.5,1951,73,7,Suburbs,Detached,Finished,639093
669,2,2.5,2001,23,4,Downtown,Carport,Unfinished,393490
1714,4,2.0,2015,9,9,Rural,Attached,Unfinished,701986
1603,3,1.0,2001,23,9,Rural,Detached,No,657098
1635,3,2.5,1992,32,4,Suburbs,Carport,Unfinished,542075
861,2,2.0,1971,53,4,Rural,Detached,Finished,347290
959,2,2.5,2004,20,3,Downtown,Detached,Finished,482322
2026,3,2.0,2016,8,9,Downtown,Detached,Unfinished,825147
1480,3,2.0,2009,15,4,Downtown,Carport,Unfinished,536605
1840,4,1.5,2007,17,6,Downtown,Attached,Finished,715747
1514,1,1.0,1961,63,6,Suburbs,Attached,Finished,498012
1514,3,2.5,2018,6,7,Suburbs,Detached,Unfinished,607814
1969,3,3.0,1988,36,3,Suburbs,Carport,Unfinished,560388
1241,1,2.5,1962,62,5,Suburbs,Attached,Finished,459132
1548,2,1.5,1990,34,9,Suburbs,Attached,Finished,656783
1268,3,2.0,2006,18,9,Downtown,Carport,No,670724
1282,3,2.5,2002,22,8,Suburbs,Attached,Finished,590979
1345,3,2.5,1961,63,1,Suburbs,Attached,No,387938
1611,3,1.5,1962,62,5,Suburbs,Attached,Finished,540821
1260,4,1.0,2023,1,7,Beachfront,Attached,Finished,818085
2127,1,2.5,2006,18,5,Rural,Detached,Finished,603163
1052,3,2.0,1989,35,9,Beachfront,Attached,Unfinished,748283
1406,5,2.0,1994,30,7,Suburbs,Attached,Unfinished,657268
1280,3,1.0,1984,40,3,Downtown,Attached,Unfinished,534019
2223,4,2.0,1952,72,9,Rural,Attached,Finished,735122
1598,3,3.0,1954,70,9,Downtown,Attached,No,689652
2015,4,3.0,1960,64,3,Suburbs,Detached,Unfinished,571526
757,4,2.0,2020,4,6,Downtown,Attached,No,568780
1633,3,2.0,2005,19,5,Rural,Attached,Finished,504871
1944,5,1.0,1959,65,6,Downtown,No Garage,Unfinished,651503
1541,2,2.0,1983,41,4,Beachfront,Carport,Unfinished,660834
2032,1,2.0,2016,8,7,Beachfront,Attached,Unfinished,860445
1241,4,2.5,2021,3,9,Suburbs,No Garage,Finished,682965
2204,4,2.0,1980,44,6,Rural,Attached,Finished,672075
2649,2,1.5,2020,4,3,Suburbs,Attached,Finished,676837
1318,3,1.0,2015,9,7,Rural,No Garage,Finished,503618
1277,1,2.0,2019,5,5,Suburbs,Attached,Finished,513818
2226,3,1.0,1990,34,8,Rural,Attached,Unfinished,696706
2289,4,1.5,2012,12,6,Suburbs,Attached,Finished,717822
1238,3,3.0,1981,43,4,Beachfront,Detached,No,617616
1289,3,2.0,1969,55,4,Suburbs,Attached,Unfinished,520206
1359,3,2.0,2006,18,8,Suburbs,Attached,Finished,639229
827,1,3.0,1999,25,5,Rural,Detached,Unfinished,383510
1040,3,3.0,1974,50,8,Rural,Attached,Unfinished,550774
997,4,2.0,1961,63,5,Suburbs,Carport,Unfinished,440086
1116,5,2.5,2020,4,5,Downtown,Carport,Finished,644200
1482,4,2.0,1988,36,6,Suburbs,Attached,Unfinished,612459
1617,1,2.0,1966,58,9,Hills,Attached,Finished,732686
2275,4,2.0,1994,30,9,Rural,Attached,Finished,782749
1000,4,2.5,1960,64,5,Rural,Attached,Finished,496632
1992,4,2.5,2019,5,6,Downtown,Attached,Unfinished,721333
1393,3,2.0,1972,52,4,Suburbs,Detached,Finished,472290
1475,3,1.5,2019,5,6,Suburbs,Attached,Unfinished,563319
1837,3,2.5,1987,37,6,Rural,Carport,No,583310
938,2,1.5,1951,73,9,Downtown,Attached,No,537309
1691,3,2.0,2021,3,9,Beachfront,Attached,Finished,872255
1583,3,2.5,1986,38,6,Suburbs,Attached,No,580473
1746,3,2.5,1998,26,6,Downtown,Detached,No,647102
1644,4,2.5,2001,23,8,Suburbs,Attached,Unfinished,673293
2727,3,3.0,1982,42,8,Suburbs,Attached,Unfinished,786124
1181,2,2.0,1971,53,1,Suburbs,Attached,Finished,382856
1234,5,2.5,1954,70,5,Downtown,Attached,Finished,608861
1188,5,2.5,1967,57,6,Downtown,Attached,Finished,597650
1222,4,1.5,1987,37,5,Rural,Attached,Unfinished,436738
1181,5,1.0,1986,38,4,Downtown,Attached,Unfinished,531572
2094,3,2.0,2013,11,2,Downtown,Attached,Finished,667007
2210,5,2.0,1959,65,7,Suburbs,Carport,No,665974
1214,2,2.5,1991,33,5,Suburbs,Attached,Finished,469161
1083,3,2.5,1997,27,3,Rural,Attached,No,422031
1735,3,1.5,1993,31,5,Suburbs,Attached,Finished,627133
1223,2,1.5,1965,59,8,Rural,Attached,Unfinished,492450
1816,2,3.0,2003,21,8,Suburbs,Attached,Unfinished,631255
1601,4,1.5,1984,40,6,Downtown,Attached,Finished,649704
742,4,2.0,1977,47,6,Downtown,Attached,Finished,533088
2273,4,2.0,1951,73,10,Suburbs,Detached,Unfinished,737707
2397,2,2.0,1962,62,5,Suburbs,Carport,Finished,642134
1193,4,1.0,1990,34,5,Rural,Detached,Finished,462263
1306,4,1.0,2008,16,5,Suburbs,Carport,No,505540
1642,3,1.5,2018,6,4,Suburbs,No Garage,No,517091
1667,4,2.0,2002,22,6,Downtown,Detached,Unfinished,683446
1829,3,2.0,1994,30,9,Downtown,Carport,No,713993
2505,3,1.5,1969,55,7,Suburbs,Attached,Finished,728337
1411,5,2.5,1973,51,6,Suburbs,Attached,Unfinished,563078
1100,3,2.5,2010,14,9,Suburbs,Detached,Unfinished,604369
810,3,1.0,2007,17,2,Downtown,Detached,No,392994
1134,4,2.0,1976,48,5,Rural,Attached,Finished,460336
1483,4,2.5,1975,49,7,Beachfront,Attached,No,794937
2397,2,2.0,1956,68,7,Suburbs,Carport,No,650649
1241,2,2.0,1991,33,2,Suburbs,Attached,No,389689
1611,1,2.5,1996,28,6,Hills,Attached,Finished,749439
1491,4,3.0,2002,22,7,Suburbs,Attached,No,633249
2094,3,2.5,2008,16,7,Suburbs,Attached,Finished,693503
2763,2,2.0,1987,37,7,Downtown,Attached,No,830884
1234,5,2.5,2018,6,5,Suburbs,Attached,No,585774
1255,3,2.0,2002,22,3,Downtown,Detached,Finished,556295
2022,3,2.5,1964,60,6,Hills,No Garage,Unfinished,760812
1840,3,2.0,1975,49,4,Rural,Attached,Finished,483556
2423,4,1.5,1997,27,9,Rural,Detached,Finished,811265
1791,2,2.5,1968,56,6,Rural,Attached,Finished,566669
1320,3,2.0,1958,66,5,Suburbs,No Garage,Finished,485830
1795,4,2.0,2013,11,8,Suburbs,Attached,Unfinished,716759
2054,3,3.0,2003,21,6,Beachfront,Attached,Unfinished,925506
1910,3,1.0,2000,24,5,Hills,Carport,Finished,733844
1753,3,2.0,1988,36,8,Suburbs,Attached,Finished,658939
2033,1,1.0,1953,71,8,Beachfront,Attached,Finished,802674
2084,2,2.5,1952,72,7,Suburbs,Detached,Unfinished,596351
2191,3,2.5,2013,11,2,Suburbs,Attached,No,563861
1824,3,2.0,1978,46,7,Suburbs,Attached,Finished,601305
1416,1,2.5,1960,64,8,Downtown,No Garage,Unfinished,576566
1573,4,2.0,2007,17,4,Downtown,Attached,Unfinished,663645
2103,5,2.5,1976,48,5,Downtown,Carport,No,736239
1091,4,2.0,1970,54,8,Suburbs,Detached,Finished,548340
1684,4,2.0,1988,36,2,Suburbs,Carport,No,474796
1303,3,3.0,1995,29,8,Suburbs,Attached,Finished,657283
1514,5,2.0,2015,9,6,Hills,Attached,No,783908
2139,2,1.5,1985,39,6,Suburbs,Attached,Finished,652712
1595,5,2.0,2014,10,1,Suburbs,Carport,Finished,512831
1523,5,3.0,2012,12,8,Downtown,Attached,No,765907
820,4,2.0,1984,40,6,Downtown,No Garage,Finished,496173
1873,5,1.0,1980,44,6,Rural,No Garage,Unfinished,593971
1822,4,2.0,1977,47,7,Suburbs,Attached,No,644923
2581,3,2.0,1950,74,7,Rural,Attached,Finished,704234
1346,3,1.5,1974,50,9,Downtown,Attached,Unfinished,664093
1609,4,2.5,1992,32,6,Suburbs,Attached,Unfinished,612693
1624,2,3.0,2016,8,6,Suburbs,Attached,No,582236
2288,4,2.0,2012,12,9,Downtown,Attached,Unfinished,853512
1452,5,2.0,2000,24,7,Downtown,Detached,Finished,658997
1639,2,2.0,1951,73,5,Downtown,No Garage,Unfinished,543167
1803,4,1.5,2013,11,4,Suburbs,Attached,Finished,638655
1593,5,3.0,2023,1,8,Downtown,Detached,Finished,766534
1276,5,2.0,2018,6,6,Hills,Attached,No,718037
1597,5,2.0,1958,66,7,Suburbs,Carport,No,568056
2036,3,2.5,1951,73,6,Downtown,Attached,Finished,683324
986,5,2.0,1983,41,4,Downtown,Attached,Unfinished,527297
1566,4,2.5,2009,15,7,Suburbs,No Garage,No,652787
1149,2,1.0,2010,14,3,Downtown,Attached,Unfinished,510577
2097,3,2.5,1980,44,6,Beachfront,Attached,Finished,893838
738,4,3.0,1959,65,6,Hills,Attached,Finished,628731
1220,3,2.5,1985,39,6,Downtown,Carport,No,523326
1688,4,3.0,1998,26,7,Suburbs,Attached,No,694190
2282,4,1.5,2019,5,8,Downtown,Attached,Finished,838608
1467,2,2.0,1998,26,8,Suburbs,Attached,Finished,626084
1222,4,2.5,1952,72,2,Suburbs,No Garage,Finished,424483
2440,4,2.0,2023,1,4,Suburbs,No Garage,Finished,706539
775,3,2.0,1954,70,6,Downtown,Attached,Unfinished,500027
500,1,2.0,2010,14,9,Rural,Carport,Finished,452384
1720,1,1.5,1975,49,8,Suburbs,Attached,Unfinished,611215
1248,3,2.0,2021,3,8,Downtown,Detached,Unfinished,665383
989,5,1.5,1954,70,5,Rural,Attached,Finished,449902
1854,3,2.5,1964,60,6,Suburbs,Attached,Unfinished,602454
1621,4,1.5,1965,59,6,Beachfront,No Garage,Finished,765093
1217,3,1.0,1950,74,4,Downtown,Carport,Unfinished,416442
859,3,2.0,1965,59,2,Rural,No Garage,Finished,284829
1936,4,2.0,1986,38,9,Rural,Attached,Finished,730913
1825,4,3.0,1952,72,5,Downtown,Detached,Unfinished,600265
1450,2,2.0,2001,23,5,Rural,No Garage,Finished,479394
2423,3,2.0,1996,28,3,Suburbs,Attached,Unfinished,609197
964,1,2.5,1962,62,9,Beachfront,Attached,Finished,708657
737,3,2.0,2004,20,7,Downtown,Detached,Unfinished,531668
1154,4,1.0,1970,54,7,Suburbs,Carport,Finished,513944
1477,2,2.0,2015,9,9,Suburbs,Carport,Unfinished,586840
1621,3,3.0,2003,21,5,Hills,No Garage,Unfinished,707511
1379,3,2.0,1976,48,7,Suburbs,Attached,No,524877
1676,5,2.0,1987,37,2,Hills,Attached,Unfinished,663486
874,5,1.5,2007,17,4,Beachfront,Detached,Finished,705113
2221,1,1.5,2011,13,8,Suburbs,Attached,Finished,741534
1458,4,2.0,1995,29,8,Rural,Attached,Finished,591925
2058,3,2.0,1960,64,6,Hills,Attached,Unfinished,808916
1671,3,1.0,2021,3,6,Suburbs,No Garage,Unfinished,569897
1728,4,3.0,1957,67,6,Suburbs,Attached,No,577174
1784,5,2.5,2020,4,1,Suburbs,Detached,Finished,553808
1723,5,2.0,2013,11,5,Suburbs,Attached,Finished,658847
1821,4,2.5,1970,54,5,Downtown,Detached,Unfinished,691188
2164,3,1.0,2021,3,5,Downtown,Attached,No,658108
1598,4,2.0,2012,12,8,Suburbs,Carport,No,591277
1854,3,2.5,2013,11,5,Suburbs,Carport,Finished,631312
1455,4,2.5,1969,55,4,Downtown,No Garage,Finished,574983
2220,3,2.5,1957,67,6,Beachfront,Attached,Finished,869816
1161,4,2.0,2007,17,8,Rural,Carport,Unfinished,567044
2400,3,3.0,1995,29,5,Downtown,Attached,Finished,737718
1479,2,1.5,1980,44,3,Rural,Attached,Finished,416728
784,5,3.0,1958,66,6,Rural,Detached,Unfinished,449698
1564,2,3.0,1964,60,7,Hills,Attached,Finished,783551
1159,3,1.5,1975,49,7,Downtown,Detached,No,566367
1920,3,2.5,1959,65,8,Downtown,No Garage,Unfinished,695680
1173,1,1.0,1978,46,9,Beachfront,No Garage,Finished,693108
1276,1,2.0,1985,39,8,Beachfront,Attached,Unfinished,747960
555,2,2.0,1986,38,7,Rural,Attached,Finished,385696
1273,4,2.0,2020,4,6,Rural,Attached,Finished,616143
500,3,3.0,1972,52,2,Downtown,Attached,No,327701
708,5,2.5,1990,34,10,Suburbs,Attached,Finished,594787
1880,4,2.0,1977,47,6,Downtown,Attached,Finished,663173
1892,3,2.5,1997,27,4,Downtown,Attached,Unfinished,641445
1712,4,3.0,1987,37,7,Rural,Attached,No,615894
1016,3,1.0,1980,44,5,Downtown,Attached,Unfinished,531231
1476,4,3.0,1963,61,7,Suburbs,Attached,No,604810
1498,3,1.0,2022,2,7,Beachfront,Attached,No,777930
920,3,2.5,1978,46,6,Downtown,Carport,Unfinished,526334
2251,4,2.0,2000,24,8,Hills,Attached,Unfinished,877562
1938,5,1.5,1998,26,5,Hills,Attached,Finished,799241
1389,4,2.0,1992,32,6,Suburbs,Attached,Unfinished,574311
1513,3,2.5,2021,3,6,Downtown,Attached,Finished,648152
1604,4,2.0,1954,70,7,Suburbs,Carport,Finished,617216
500,3,1.0,1991,33,8,Suburbs,Attached,Finished,528982
1376,3,2.0,1956,68,6,Suburbs,Attached,Unfinished,506036
1159,3,3.0,1991,33,7,Suburbs,Attached,Finished,559557
999,4,2.0,1985,39,4,Hills,Attached,Finished,622610
1359,2,1.5,1976,48,9,Downtown,Attached,Finished,634415
2398,3,2.0,2007,17,6,Rural,Attached,Unfinished,694243
1820,4,1.0,1995,29,7,Downtown,Attached,No,655939
1214,3,2.5,2015,9,2,Suburbs,Carport,Finished,463562
1786,2,2.5,1974,50,5,Beachfront,Attached,No,793198
2199,2,2.0,2022,2,6,Suburbs,Carport,Unfinished,612796
1962,5,2.0,1976,48,8,Downtown,No Garage,No,697083
1529,3,2.5,1950,74,6,Rural,Detached,Finished,511723
1176,3,2.0,2023,1,9,Rural,Detached,Finished,623947
1849,4,2.5,1991,33,6,Rural,No Garage,Unfinished,614109
1696,4,2.5,2001,23,6,Suburbs,Attached,Finished,674148
1947,3,2.5,1974,50,4,Suburbs,Carport,Finished,532257
1817,4,2.0,2003,21,8,Hills,Attached,Unfinished,829691
2024,4,2.0,2016,8,5,Beachfront,Attached,Finished,863092
1232,4,3.0,1955,69,8,Suburbs,Detached,Finished,589170
2158,2,2.0,2007,17,9,Rural,Attached,Finished,727157
1598,4,2.5,2019,5,9,Suburbs,Attached,Unfinished,677969
2537,3,1.5,2002,22,6,Suburbs,Attached,Finished,735061
1155,3,2.5,2015,9,7,Downtown,Attached,Unfinished,636262
2367,3,2.0,2007,17,8,Suburbs,Detached,Unfinished,742341
1598,1,1.5,1951,73,4,Suburbs,Detached,Unfinished,434194
1174,2,1.0,1971,53,7,Downtown,Attached,Finished,600522
1258,4,2.5,1986,38,2,Suburbs,Attached,Finished,522950
1339,1,2.5,1969,55,6,Rural,Attached,Unfinished,404315
1712,3,2.0,1973,51,4,Rural,No Garage,No,468647
1761,3,1.5,2014,10,4,Suburbs,Attached,Finished,664575
1213,2,2.5,2014,10,6,Beachfront,Attached,No,736421
1487,5,1.0,1950,74,6,Downtown,Attached,Finished,619512
2571,3,2.0,1952,72,7,Suburbs,Attached,No,736467
2363,3,1.5,1995,29,3,Rural,Attached,Unfinished,593402
1718,3,1.5,2004,20,6,Suburbs,Carport,Finished,622928
1519,3,1.5,2013,11,4,Suburbs,Detached,No,514092
1560,1,2.0,1994,30,7,Downtown,Detached,Unfinished,614087
1806,4,1.0,1975,49,7,Beachfront,Detached,Unfinished,832565
988,5,2.0,2014,10,7,Suburbs,Attached,Finished,619838
1371,3,2.0,1973,51,7,Beachfront,Carport,Finished,743856
665,4,2.0,2023,1,5,Suburbs,Attached,Unfinished,457277
1699,4,2.0,1984,40,8,Rural,Attached,No,571662
1823,4,2.5,1973,51,6,Rural,Carport,Finished,585271
1258,3,1.5,1977,47,6,Rural,Attached,Unfinished,503025
2286,3,2.0,1965,59,7,Suburbs,Attached,Finished,715480
887,3,1.0,2008,16,1,Suburbs,Detached,No,312131
767,4,1.0,2003,21,7,Rural,No Garage,No,386453
1612,4,2.0,1965,59,7,Suburbs,Attached,Finished,619239
2023,2,2.0,1964,60,5,Suburbs,Attached,Unfinished,596544
2341,3,3.0,1960,64,3,Downtown,Attached,Finished,660177
1270,5,2.0,2014,10,3,Beachfront,Detached,No,669376
2039,4,3.0,2017,7,9,Downtown,Attached,Unfinished,819112
1480,5,1.0,1992,32,7,Suburbs,Detached,Finished,638153
1413,4,1.0,2018,6,4,Suburbs,Attached,Unfinished,567010
1941,3,1.0,1962,62,6,Suburbs,Attached,Finished,602732
1826,4,1.5,1959,65,7,Rural,No Garage,No,582772
711,4,2.0,1990,34,8,Downtown,No Garage,Finished,586251
2238,2,2.5,1999,25,2,Suburbs,Carport,Finished,543783
2190,3,1.0,2020,4,5,Rural,Carport,Unfinished,640767
1187,4,3.0,2008,16,8,Rural,Attached,Finished,619427
1697,2,2.5,1988,36,1,Downtown,Carport,Finished,475882
1747,4,2.0,1952,72,5,Beachfront,No Garage,Unfinished,779070
1630,4,1.0,1956,68,9,Rural,Detached,Finished,613360
1224,5,1.5,1998,26,7,Beachfront,No Garage,Finished,736513
1164,1,1.5,1975,49,5,Suburbs,Attached,No,400443
1487,3,1.5,1982,42,3,Suburbs,Carport,Unfinished,429738
2086,4,2.0,1997,27,2,Beachfront,Detached,Unfinished,758856
1771,3,1.5,1951,73,5,Beachfront,Detached,Unfinished,719020
1314,4,2.0,2020,4,8,Suburbs,Attached,Finished,651665
1885,4,3.0,1981,43,6,Suburbs,Attached,Unfinished,642374
500,2,2.5,1953,71,7,Suburbs,No Garage,Finished,384062
2074,3,3.0,1969,55,9,Suburbs,Detached,Unfinished,730784
630,3,1.5,1985,39,6,Suburbs,Detached,Unfinished,399339
1318,3,2.0,1981,43,4,Suburbs,Detached,Finished,524225
940,5,2.0,1977,47,6,Beachfront,Attached,Finished,698370
852,4,1.0,1950,74,9,Downtown,Attached,Finished,594177
2080,4,1.0,2009,15,8,Rural,Detached,No,723081
1266,4,2.5,2005,19,3,Downtown,Attached,Unfinished,543966
1673,3,2.5,1984,40,7,Suburbs,Attached,Unfinished,623286
1476,5,2.0,1979,45,7,Downtown,No Garage,Finished,637200
1738,4,2.0,2003,21,9,Suburbs,Detached,Unfinished,691905
1538,4,2.0,1985,39,4,Rural,Carport,Finished,545891
858,4,1.0,2004,20,6,Beachfront,Carport,Finished,707412
1998,3,2.0,2007,17,8,Downtown,Attached,Unfinished,768163
1253,4,1.5,2014,10,6,Suburbs,Attached,Finished,537000
721,2,1.0,2018,6,6,Suburbs,Attached,Finished,444238
1285,3,3.0,2000,24,3,Beachfront,Carport,Finished,727224
2250,3,2.0,1971,53,5,Rural,No Garage,No,579770
1925,5,2.5,2002,22,5,Suburbs,Attached,Unfinished,677639
1325,4,2.0,1985,39,9,Rural,Detached,Unfinished,599013
1325,4,2.0,2017,7,5,Rural,Attached,No,506425
1339,4,1.5,1985,39,6,Downtown,Attached,Finished,627663
2538,4,1.0,2001,23,7,Suburbs,Detached,Finished,739444
1690,5,1.5,2002,22,4,Beachfront,Attached,Unfinished,748863
1715,3,2.5,1999,25,6,Rural,Attached,Finished,586368
2015,3,2.5,1990,34,7,Suburbs,Attached,Finished,700554
1619,2,2.0,1967,57,8,Suburbs,Attached,Unfinished,551608
1370,4,2.0,1971,53,7,Suburbs,Attached,No,565676
1401,4,3.0,2015,9,7,Suburbs,Attached,Finished,631286
1464,3,1.0,1970,54,4,Rural,Attached,Finished,444104
1481,1,2.0,1993,31,9,Suburbs,Attached,Finished,653639
1863,4,2.0,1996,28,4,Rural,No Garage,No,532382
1525,1,2.5,1988,36,8,Beachfront,Attached,Unfinished,762654
1866,4,3.0,1978,46,5,Downtown,Carport,No,643570
1459,5,1.5,2003,21,9,Suburbs,Carport,Finished,643609
1539,3,3.0,1966,58,7,Suburbs,Attached,Finished,617408
500,3,2.5,2009,15,8,Rural,Attached,No,480182
1958,4,1.5,1980,44,5,Downtown,Attached,Finished,698743
1673,4,2.0,2022,2,6,Suburbs,Attached,Finished,717892
1999,3,2.0,1998,26,7,Beachfront,Detached,Finished,840390
500,5,3.0,1951,73,8,Suburbs,Detached,Finished,500174
2544,2,1.5,1997,27,4,Beachfront,Attached,No,808512
1430,3,2.5,1963,61,9,Hills,Attached,Finished,776669
2054,4,2.0,2008,16,8,Downtown,Attached,No,777138
980,4,2.5,2007,17,5,Downtown,Detached,Unfinished,609496
1806,2,2.0,2007,17,8,Hills,Attached,Finished,827405
973,4,2.0,2000,24,6,Hills,Carport,Finished,664989
1188,4,2.5,1951,73,6,Downtown,Attached,Finished,602828
2457,3,2.5,1990,34,5,Downtown,No Garage,Finished,735729
1404,2,3.0,1965,59,7,Downtown,Detached,Finished,657378
1608,4,1.0,1953,71,7,Hills,Attached,Finished,761942
1935,2,2.5,1961,63,6,Downtown,Attached,No,650462
1747,3,1.5,1978,46,7,Suburbs,Attached,Finished,581860
1575,3,2.0,1956,68,7,Rural,Attached,Unfinished,587880
1682,4,2.0,1963,61,7,Downtown,No Garage,Unfinished,619888
2701,4,2.0,1961,63,3,Suburbs,Attached,Unfinished,661906
1471,4,2.0,1954,70,8,Suburbs,Attached,Finished,599332
1600,3,3.0,1981,43,6,Beachfront,Attached,Finished,781393
2025,4,1.5,2023,1,5,Suburbs,Attached,Finished,655195
2052,4,2.5,1992,32,5,Rural,Carport,Finished,625881
2093,4,2.0,2018,6,6,Rural,Carport,No,593702
1819,5,1.5,1994,30,8,Downtown,Carport,Finished,744279
928,1,1.5,1958,66,6,Downtown,Attached,Finished,497144
2316,4,3.0,1998,26,7,Suburbs,Attached,Finished,792198
926,2,3.0,1982,42,3,Suburbs,Attached,Finished,422710
1651,3,3.0,1967,57,6,Rural,Attached,Finished,548265
1122,3,3.0,1958,66,10,Rural,Attached,Finished,542647
1467,3,1.5,2011,13,8,Suburbs,Attached,Finished,670594
1664,3,2.0,2006,18,5,Suburbs,Carport,No,540376
1660,4,2.5,1978,46,6,Suburbs,Carport,Finished,603423
1710,3,2.0,1974,50,5,Rural,Detached,Unfinished,516560
2306,4,2.0,1964,60,6,Suburbs,Attached,Unfinished,697709
1726,3,2.0,1955,69,8,Suburbs,Detached,Finished,675982
1377,2,2.0,1991,33,8,Suburbs,Attached,Unfinished,615109
1982,4,2.0,1978,46,5,Suburbs,Attached,Finished,582994
2094,3,1.5,1953,71,9,Suburbs,Carport,Unfinished,657886
886,3,2.0,2006,18,7,Suburbs,Attached,No,471231
1798,4,2.0,1998,26,6,Downtown,Attached,Unfinished,712160
1850,3,2.0,1993,31,6,Rural,Attached,No,581599
1351,2,1.5,1963,61,7,Downtown,Carport,Finished,579303
2187,3,2.5,1952,72,7,Downtown,Attached,Unfinished,703696
1424,5,1.0,2011,13,6,Suburbs,No Garage,Unfinished,549615
1562,4,2.0,2013,11,6,Downtown,Attached,No,636592
1413,4,2.5,1994,30,4,Suburbs,Attached,Unfinished,496124
1507,4,2.0,2007,17,8,Suburbs,No Garage,Finished,617459
951,2,2.0,1969,55,6,Suburbs,Carport,No,375792
779,3,2.5,2007,17,4,Suburbs,Carport,Finished,406457
2297,4,2.0,2006,18,8,Downtown,Attached,Finished,814243
1076,2,2.5,2017,7,9,Downtown,No Garage,Finished,646752
1004,3,2.5,2001,23,9,Beachfront,Attached,Finished,813971
500,3,2.5,1986,38,6,Suburbs,No Garage,No,394325
1180,3,2.0,1957,67,4,Suburbs,Carport,Unfinished,444374
838,5,1.5,1993,31,6,Downtown,Detached,Finished,565241
2321,2,2.0,1954,70,4,Suburbs,Attached,Finished,583629
2004,3,2.0,2018,6,9,Suburbs,No Garage,Finished,794885
1155,2,2.0,1980,44,4,Suburbs,Attached,Finished,476891
2626,5,2.0,1994,30,5,Rural,Attached,Unfinished,727707
1990,2,2.0,1958,66,6,Downtown,Attached,No,629571
1337,3,1.0,1981,43,6,Suburbs,Attached,Finished,544791
500,4,2.0,1982,42,8,Rural,Attached,Finished,462947
2645,4,2.0,2016,8,6,Beachfront,Detached,Unfinished,981955
805,3,2.5,1979,45,4,Downtown,Carport,Finished,470734
677,3,1.0,1978,46,5,Suburbs,Attached,Unfinished,372386
2011,3,2.0,1952,72,6,Downtown,Attached,Unfinished,613797
2719,3,3.0,2006,18,4,Downtown,No Garage,Finished,722958
2192,3,1.5,1979,45,7,Suburbs,No Garage,Finished,693497
1781,3,2.0,1958,66,7,Downtown,Carport,Finished,611576
1797,3,1.0,1975,49,7,Rural,Attached,No,577183
1926,3,2.5,1951,73,9,Suburbs,Attached,Unfinished,644541
1879,4,2.0,2011,13,9,Downtown,Attached,Finished,780393
1640,5,2.0,1952,72,9,Downtown,No Garage,Unfinished,671045
1552,4,2.0,1995,29,5,Rural,Attached,Finished,568653
1468,2,3.0,2017,7,4,Downtown,Detached,Finished,565985
1123,2,1.5,1974,50,5,Suburbs,Attached,Finished,445526
1359,5,1.0,2000,24,8,Suburbs,Attached,Unfinished,629207
653,3,3.0,1962,62,10,Suburbs,Attached,Finished,515693
1450,2,2.0,1993,31,8,Suburbs,Attached,Unfinished,627205
1005,4,3.0,1984,40,4,Downtown,Attached,No,467686
948,4,2.0,2004,20,9,Downtown,Detached,No,621745
1589,4,2.5,1958,66,6,Downtown,Attached,Unfinished,656663
2196,3,2.0,1951,73,1,Suburbs,Detached,Finished,488288
1959,1,2.5,2010,14,6,Rural,Carport,Unfinished,569609
714,5,3.0,1990,34,2,Suburbs,Attached,Unfinished,406421
1005,3,2.0,1993,31,6,Downtown,No Garage,Finished,519580
1970,4,1.5,2013,11,5,Suburbs,Attached,No,635062
1008,4,2.0,1980,44,6,Suburbs,Attached,Finished,536236
1387,4,1.5,1996,28,7,Hills,Carport,Unfinished,710871
1775,3,1.5,1951,73,8,Suburbs,Carport,No,599858
1015,3,2.0,2018,6,7,Suburbs,Detached,Finished,571068
1552,4,2.0,2007,17,6,Suburbs,Attached,No,586227
832,4,2.0,1993,31,8,Beachfront,Attached,Finished,786986
1199,5,2.0,2023,1,9,Rural,Attached,Unfinished,620326
1659,2,2.5,2005,19,4,Suburbs,Attached,No,553747
703,2,1.0,1992,32,6,Downtown,Attached,No,435374
1720,5,1.0,1983,41,5,Suburbs,Detached,No,569098
1490,4,1.5,1979,45,2,Suburbs,Carport,No,431933
1776,4,2.0,2020,4,7,Rural,Attached,Finished,680864
1611,3,1.5,2019,5,8,Suburbs,Attached,Unfinished,593813
2182,4,2.0,2004,20,4,Downtown,Attached,Unfinished,713750
1562,4,2.0,2016,8,8,Rural,Attached,Unfinished,638738
1285,4,2.5,1962,62,8,Rural,Attached,Finished,580393
1561,3,1.0,1952,72,9,Suburbs,Carport,Finished,609712
1771,1,2.5,1975,49,5,Rural,Attached,Finished,533995
1524,4,2.5,2006,18,9,Suburbs,Carport,Finished,637915
1520,3,2.5,1973,51,5,Beachfront,Carport,Unfinished,687974
1149,3,3.0,2002,22,7,Rural,No Garage,Unfinished,518670
1168,5,1.0,2019,5,3,Suburbs,Attached,Finished,520192
798,3,1.5,1992,32,2,Rural,Attached,Finished,325461
2374,4,3.0,2009,15,7,Beachfront,Attached,Unfinished,994540
878,2,2.0,2007,17,6,Suburbs,Attached,Unfinished,463289
1153,4,2.0,1998,26,5,Suburbs,Attached,Finished,559093
1140,5,2.5,1991,33,4,Rural,Attached,Finished,530750
1947,2,2.5,2015,9,7,Downtown,Attached,Unfinished,727507
1352,1,3.0,1960,64,1,Suburbs,Attached,Finished,397688
2123,3,3.0,1967,57,8,Beachfront,Attached,Unfinished,886238
1163,2,2.5,2001,23,3,Rural,Attached,No,421255
1639,4,2.0,1995,29,4,Suburbs,Attached,Unfinished,567303
1082,5,3.0,1993,31,6,Downtown,Detached,Unfinished,598932
2572,3,1.0,1971,53,6,Suburbs,Carport,No,632329
906,3,1.5,2002,22,6,Suburbs,Carport,Finished,469263
1654,3,3.0,2008,16,5,Downtown,Attached,Unfinished,619363
1816,4,2.0,1979,45,9,Rural,Attached,Finished,706437
1706,1,1.5,1957,67,7,Suburbs,No Garage,No,536910
1407,4,1.5,2006,18,2,Suburbs,Detached,No,488456
1435,4,3.0,2022,2,6,Suburbs,Carport,Finished,685400
1521,4,2.0,1969,55,8,Hills,Detached,Finished,771639
1426,3,2.5,1974,50,5,Suburbs,Attached,Finished,556314
1981,4,1.5,1968,56,3,Downtown,Attached,Finished,594116
2605,2,2.5,1954,70,8,Downtown,Carport,Unfinished,758318
1221,2,2.5,2021,3,7,Suburbs,Carport,Unfinished,510716
815,4,2.0,1976,48,7,Suburbs,Attached,Finished,528454
1455,4,2.0,1989,35,3,Suburbs,Carport,Finished,494362
2789,1,1.5,1975,49,4,Suburbs,Attached,Finished,615485
1098,3,3.0,1976,48,7,Downtown,Attached,Finished,584574
2319,3,2.5,2011,13,5,Suburbs,Carport,Finished,737177
2338,3,3.0,1999,25,6,Suburbs,Carport,Unfinished,705960
1223,3,2.0,1991,33,6,Downtown,Attached,Finished,614677
1784,2,2.5,1978,46,5,Downtown,Carport,Finished,612238
2314,3,2.5,1988,36,9,Downtown,No Garage,Finished,809061
1310,4,2.5,2009,15,8,Downtown,Attached,No,674389
1398,4,3.0,1990,34,7,Suburbs,Detached,Unfinished,611835
1209,4,2.0,1982,42,3,Downtown,Attached,No,471933
992,2,1.5,1965,59,4,Suburbs,Carport,Unfinished,386376
1175,5,2.5,1972,52,6,Downtown,Attached,Finished,644795
888,4,2.5,1956,68,4,Hills,Detached,No,547785
1517,4,2.0,1975,49,10,Beachfront,Attached,Unfinished,860473
1115,4,1.5,1961,63,4,Downtown,Attached,Unfinished,473202
1616,5,2.0,2021,3,6,Suburbs,Attached,Finished,718380
722,3,2.0,1954,70,6,Downtown,Attached,Finished,471993
1665,3,2.0,2018,6,7,Suburbs,No Garage,Unfinished,635082
1916,4,2.5,1998,26,4,Downtown,Attached,No,649160
503,4,2.5,1975,49,6,Rural,Attached,Unfinished,392859
1687,4,1.5,1954,70,5,Suburbs,Detached,Finished,541431
2113,3,2.0,1971,53,8,Beachfront,Attached,Unfinished,864692
895,2,2.0,1962,62,2,Downtown,No Garage,Finished,390748
2336,3,1.5,1977,47,9,Rural,Attached,Unfinished,691076
1709,5,2.5,1982,42,8,Rural,Attached,No,658412
1147,4,3.0,1972,52,5,Downtown,Attached,Finished,577314
1472,3,2.0,1967,57,8,Suburbs,Carport,Unfinished,587615
1779,3,2.5,1979,45,2,Downtown,Attached,Finished,559101
1538,3,3.0,1975,49,9,Suburbs,Attached,Unfinished,673703
1769,4,2.5,1965,59,6,Suburbs,Attached,Finished,625320
1039,4,1.5,1988,36,5,Suburbs,Detached,Finished,562142
1584,4,3.0,1982,42,6,Suburbs,Attached,Finished,585245
793,3,2.0,1975,49,3,Beachfront,Attached,Unfinished,630673
1444,4,2.0,1997,27,10,Downtown,Attached,Unfinished,731440
1048,3,1.0,2014,10,2,Hills,Attached,Unfinished,562770
1132,4,2.0,1987,37,7,Downtown,Attached,Finished,607692
2118,3,1.5,1951,73,6,Rural,Attached,Finished,562977
2045,3,1.5,1955,69,9,Suburbs,Attached,No,657040
1804,4,2.0,1995,29,5,Downtown,Attached,No,642457
953,5,2.5,1999,25,6,Beachfront,Carport,Unfinished,725020
1341,2,3.0,1987,37,6,Suburbs,Attached,No,552178
2106,4,2.0,1967,57,7,Rural,Attached,Unfinished,653668
1570,3,3.0,1976,48,3,Suburbs,Attached,No,497703
2659,3,3.0,1990,34,4,Suburbs,Detached,Finished,729459
1696,1,2.5,2021,3,5,Suburbs,Carport,Finished,525026
1596,3,1.5,2023,1,7,Rural,Attached,Finished,579336
1345,3,2.5,1966,58,4,Downtown,Detached,Unfinished,483825
1566,2,3.0,2011,13,7,Rural,No Garage,Finished,572568
1423,3,2.5,1978,46,5,Beachfront,Attached,Finished,698157
1854,5,2.0,2007,17,8,Downtown,Attached,No,748855
1978,2,2.0,2019,5,9,Downtown,No Garage,Finished,732493
1107,4,2.5,1971,53,6,Rural,Attached,Unfinished,497742
834,3,2.0,1955,69,6,Suburbs,Detached,Unfinished,437041
581,4,1.5,1975,49,5,Suburbs,No Garage,Unfinished,368133
1753,3,2.0,1988,36,2,Downtown,Attached,No,494450
948,2,2.5,1961,63,5,Suburbs,Attached,Finished,430771
500,2,3.0,1963,61,7,Downtown,Detached,Unfinished,462215
1694,2,1.5,1971,53,6,Suburbs,No Garage,Unfinished,543868
2746,2,3.0,2000,24,9,Rural,Attached,No,836735
1496,4,2.0,1972,52,6,Suburbs,Attached,Finished,615362
1919,4,2.5,1997,27,7,Suburbs,Attached,Unfinished,692469
1540,4,2.5,2020,4,6,Hills,Detached,Finished,787368
1450,4,2.5,1999,25,6,Rural,Attached,Finished,566426
1959,2,3.0,1962,62,5,Rural,No Garage,Unfinished,555741
1354,3,2.0,1959,65,6,Suburbs,Attached,No,507264
1633,3,3.0,2004,20,6,Rural,Attached,Finished,620713
1660,3,1.5,1958,66,7,Downtown,Attached,No,600744
1165,3,2.5,2001,23,9,Downtown,Attached,No,618227
1996,3,2.5,1951,73,5,Downtown,Attached,Finished,643891
1412,3,2.5,1974,50,2,Suburbs,Attached,Unfinished,436726
1122,3,2.0,1962,62,6,Rural,Detached,Unfinished,451094
1768,4,3.0,2000,24,6,Suburbs,No Garage,Unfinished,607764
1050,4,1.5,2007,17,4,Rural,Detached,Unfinished,443624
1514,3,1.0,1983,41,8,Rural,Attached,Finished,615542
1495,5,2.5,1984,40,10,Suburbs,Attached,Finished,684925
2042,5,2.0,1952,72,9,Suburbs,Attached,Finished,691377
1737,3,2.5,2008,16,4,Suburbs,Attached,Finished,628197
1487,3,2.0,2019,5,8,Suburbs,Attached,Unfinished,606459
1908,3,1.5,1997,27,7,Downtown,Attached,Unfinished,692198
2195,5,2.5,2013,11,6,Hills,Attached,Unfinished,905961
1778,4,2.0,1968,56,6,Downtown,Detached,Unfinished,649219
1505,2,1.5,2016,8,8,Downtown,Attached,Finished,683417
844,3,2.5,2022,2,6,Beachfront,Carport,Finished,708909
967,4,2.0,1954,70,6,Suburbs,Carport,No,503017
1347,3,2.5,2016,8,6,Rural,Attached,No,581065
1195,2,2.0,1960,64,7,Suburbs,No Garage,No,442906
1406,4,2.5,2017,7,4,Suburbs,Attached,Unfinished,582672
1528,4,2.5,2018,6,9,Suburbs,Carport,No,683337
1764,4,2.5,1950,74,7,Suburbs,Attached,Finished,637612
1464,4,1.5,2012,12,7,Suburbs,No Garage,Finished,592403
1743,4,2.5,1978,46,3,Rural,Attached,Finished,544234
1532,3,2.5,1961,63,7,Suburbs,Attached,Unfinished,566648
512,4,2.5,1990,34,4,Beachfront,Attached,Unfinished,585810
1030,2,2.0,1951,73,3,Downtown,Detached,Finished,407323
1427,4,3.0,1986,38,6,Suburbs,Detached,Finished,626045
895,2,2.5,1994,30,6,Suburbs,Attached,Finished,467556
1799,4,1.5,1997,27,7,Beachfront,No Garage,Finished,831308
2265,3,2.0,1973,51,3,Downtown,Attached,Finished,678198
2109,2,3.0,1971,53,6,Suburbs,Detached,Finished,644741
1393,2,1.0,1960,64,4,Beachfront,Attached,No,622014
2245,1,3.0,2007,17,10,Downtown,Carport,Finished,845572
1574,4,2.5,1995,29,7,Beachfront,Detached,Unfinished,862442
1331,4,2.5,1978,46,7,Downtown,Attached,Unfinished,577953
1193,3,2.0,1984,40,5,Rural,Attached,Finished,475730
1348,2,1.5,1964,60,3,Beachfront,Detached,Unfinished,574443
1305,2,3.0,2009,15,10,Rural,Carport,No,581080
1585,1,2.0,1991,33,5,Suburbs,Detached,No,499581
1580,2,2.5,1992,32,6,Downtown,Attached,No,598628
1501,4,2.0,2023,1,7,Beachfront,Detached,No,803518
1718,3,1.5,1998,26,2,Suburbs,Attached,No,462299
2095,3,1.0,2013,11,8,Downtown,Detached,Unfinished,776448
1974,2,2.0,1981,43,6,Rural,No Garage,Unfinished,591470
757,3,3.0,2013,11,5,Suburbs,Attached,Finished,436038
500,3,2.0,1951,73,3,Downtown,Attached,Unfinished,343809
1967,4,2.0,1973,51,4,Downtown,Attached,No,647349
816,3,2.0,2015,9,8,Downtown,Carport,Finished,587584
1387,2,2.0,1987,37,7,Suburbs,Attached,Finished,543207
914,3,2.0,1980,44,5,Suburbs,Carport,Finished,431155
599,3,3.0,1975,49,3,Suburbs,Attached,Unfinished,363403
1770,3,2.0,1978,46,7,Rural,Attached,Finished,601820
1879,5,2.0,2016,8,7,Beachfront,Detached,Finished,927650
1211,4,1.5,1974,50,6,Suburbs,No Garage,Finished,513670
500,4,3.0,1997,27,6,Downtown,Carport,Finished,494892
1226,3,1.5,2014,10,5,Rural,Carport,Finished,506814
1695,3,1.0,2002,22,7,Suburbs,Attached,Finished,625312
760,3,2.5,2016,8,10,Suburbs,Carport,Finished,563363
1591,4,2.0,1967,57,4,Suburbs,Attached,Unfinished,582390
1492,4,2.0,1958,66,7,Suburbs,Detached,Finished,590855
1789,2,2.0,1987,37,6,Beachfront,Attached,Finished,741346
1559,3,2.5,1970,54,6,Downtown,Attached,No,633718
1013,3,1.5,2014,10,5,Rural,No Garage,Finished,480738
2098,4,2.5,1970,54,8,Downtown,Attached,No,764629
1420,4,2.5,1976,48,6,Beachfront,Carport,Unfinished,763290
1486,3,2.0,2019,5,6,Downtown,Attached,Finished,716893
1033,2,2.0,1993,31,5,Downtown,Attached,Unfinished,479879
1278,4,2.0,1977,47,4,Suburbs,Attached,Unfinished,493031
1057,2,2.5,1994,30,3,Suburbs,Attached,No,455292
1413,3,2.0,1966,58,7,Downtown,Detached,Unfinished,653489
2355,2,2.0,1989,35,4,Suburbs,Carport,No,584097
814,4,2.0,1952,72,7,Suburbs,Attached,Unfinished,520353
693,3,3.0,2015,9,6,Downtown,Carport,Unfinished,535015
2235,3,2.0,1995,29,6,Suburbs,Attached,Finished,738630
1395,4,3.0,1979,45,6,Rural,Detached,Finished,578495
1165,3,2.0,2018,6,6,Rural,Attached,No,511386
2019,3,1.0,1958,66,4,Rural,Attached,Finished,592084
1197,3,1.5,1960,64,5,Rural,Detached,No,399834
2413,1,2.0,2018,6,7,Suburbs,Attached,No,753507
1838,4,1.5,2015,9,7,Downtown,Attached,No,770717
1256,2,1.0,1980,44,5,Suburbs,Attached,Finished,513476
2578,3,3.0,1982,42,6,Rural,Attached,Finished,722906
1197,4,2.5,1988,36,4,Hills,Carport,No,622160
1871,4,2.5,1995,29,5,Suburbs,Attached,No,587279
1649,4,1.5,1986,38,2,Downtown,Attached,Unfinished,535535
2150,3,1.5,2009,15,8,Downtown,No Garage,Finished,785517
2280,1,1.0,1980,44,5,Suburbs,Attached,Finished,577332
1516,4,2.5,1960,64,5,Suburbs,Attached,Unfinished,533452
1123,3,3.0,1951,73,5,Downtown,Carport,Finished,559070
1729,4,2.0,1976,48,4,Beachfront,Attached,Unfinished,752490
1161,4,1.5,1951,73,7,Suburbs,Detached,Finished,554490
2506,4,2.0,1970,54,3,Beachfront,Detached,Finished,871062
1568,3,2.0,2007,17,4,Rural,Detached,Unfinished,500507
1317,3,2.0,1954,70,7,Rural,Detached,Finished,508673
1592,4,2.5,2001,23,5,Suburbs,No Garage,Finished,592471
826,3,2.5,1994,30,7,Suburbs,Attached,Unfinished,450124
1014,2,1.5,1969,55,7,Suburbs,Attached,Unfinished,493274
2100,4,1.0,2010,14,5,Suburbs,Attached,Finished,673040
1171,4,3.0,1987,37,7,Suburbs,Attached,No,588197
976,3,1.5,1969,55,4,Hills,Attached,No,558605
1768,2,1.0,1974,50,6,Rural,Attached,Unfinished,521136
2092,3,1.5,1951,73,6,Rural,Detached,Finished,598238
1859,4,1.0,1981,43,5,Beachfront,Attached,Finished,815872
1998,5,2.0,1975,49,7,Downtown,Attached,Finished,797604
1121,3,2.5,2019,5,8,Downtown,Detached,Finished,662216
789,2,2.0,1990,34,10,Suburbs,Attached,No,536554
2250,4,2.0,2016,8,7,Suburbs,Carport,Finished,717952
1338,3,2.5,1950,74,6,Rural,Attached,Finished,498023
1374,3,2.0,2000,24,5,Suburbs,Attached,No,558457
2164,5,3.0,1954,70,5,Suburbs,Attached,No,660320
1778,2,3.0,1962,62,6,Suburbs,Attached,No,537674
1727,4,1.0,1968,56,6,Downtown,Attached,Finished,628704
2582,2,2.5,1961,63,9,Suburbs,Attached,Finished,763262
1178,3,2.0,1997,27,6,Rural,Detached,Finished,534690
1963,4,3.0,1974,50,6,Downtown,Detached,Finished,741363
1528,3,2.0,2006,18,6,Suburbs,Carport,No,469843
1634,5,3.0,1984,40,8,Suburbs,Carport,Finished,683065
2264,4,2.5,1954,70,7,Downtown,Detached,Finished,765790
1753,3,1.5,1971,53,7,Downtown,Detached,Unfinished,623396
1769,3,2.0,2006,18,5,Hills,Detached,Finished,752588
2036,3,3.0,1996,28,8,Suburbs,Detached,Unfinished,745674
1317,3,3.0,2003,21,2,Downtown,Attached,Finished,546771
1080,2,1.0,1952,72,8,Downtown,Attached,Finished,537510
977,3,2.5,2002,22,6,Rural,Attached,Finished,492367
516,3,2.0,1980,44,6,Suburbs,No Garage,Finished,397703
2528,4,1.0,2018,6,6,Suburbs,Attached,No,750248
948,4,2.0,1982,42,7,Downtown,Attached,Finished,554456
1389,4,1.5,2021,3,1,Beachfront,Attached,Unfinished,651106
1361,1,2.5,1999,25,8,Suburbs,Attached,Finished,617534
1653,3,2.0,1965,59,6,Suburbs,Attached,Finished,582135
1907,4,2.5,1988,36,5,Suburbs,Carport,Finished,606302
1930,3,1.0,1995,29,4,Suburbs,Attached,No,540283
1208,1,2.0,1996,28,6,Beachfront,Carport,Finished,706221
1416,4,1.5,1993,31,6,Beachfront,Carport,Finished,755954
1641,4,1.5,1958,66,6,Suburbs,Detached,Finished,595422
1375,3,1.0,1999,25,7,Beachfront,Carport,No,720579
2303,2,1.5,2009,15,6,Rural,Attached,No,609700
1745,4,2.0,1964,60,9,Beachfront,Attached,No,867861
1867,4,2.0,1985,39,7,Downtown,Attached,Finished,728615
1831,4,2.0,2012,12,8,Suburbs,Carport,Finished,724778
2086,4,2.0,2018,6,4,Suburbs,Attached,Finished,694003
1590,4,3.0,1990,34,6,Rural,Attached,Unfinished,575550
851,3,3.0,2023,1,5,Downtown,Carport,Unfinished,530373
1699,2,2.0,1973,51,7,Suburbs,Attached,Finished,594129
1174,4,2.0,1998,26,8,Suburbs,Detached,Finished,625941
1235,4,1.5,1967,57,3,Suburbs,Attached,Finished,466585
1793,4,3.0,1956,68,3,Suburbs,Attached,Finished,540354
2119,2,1.0,1953,71,8,Beachfront,No Garage,Unfinished,794160
1510,2,2.0,2018,6,5,Suburbs,Attached,Finished,577216
1654,4,2.0,2009,15,7,Beachfront,Attached,Finished,902154
2351,4,2.0,2004,20,6,Suburbs,Carport,Unfinished,730182
1620,5,1.5,1965,59,8,Suburbs,Attached,Unfinished,617924
2800,4,2.5,1978,46,4,Suburbs,Attached,No,695553
1782,4,1.5,1972,52,4,Downtown,Attached,No,575538
619,4,2.5,1963,61,7,Suburbs,Attached,Finished,464435
1876,4,1.5,1998,26,9,Rural,Attached,No,632483
1690,4,1.0,1982,42,6,Suburbs,Attached,Unfinished,611251
2144,4,3.0,1974,50,5,Rural,Attached,Unfinished,615202
1836,2,1.5,1970,54,7,Suburbs,Carport,Finished,605451
